molecular_profile,molecular_profile_id,disease,doid,phenotypes,therapies,therapy_interaction_type,evidence_type,evidence_direction,evidence_level,significance,evidence_statement,citation_id,source_type,asco_abstract_id,citation,nct_ids,rating,evidence_status,evidence_id,variant_origin,last_review_date,evidence_civic_url,molecular_profile_civic_url,is_flagged
DNMT3A R882,32,Acute Myeloid Leukemia,9119.0,,Idarubicin,,Predictive,Supports,B,Sensitivity/Response,Idarubicin increases the overall survival and disease free survival in de novo AML patients with DNMT3A R882 mutation compared to those who do not harbor this mutation.,22081665,PubMed,,"LaRochelle et al., 2011",,4,accepted,18,Somatic,2023-01-09 21:46:25 UTC,https://civicdb.org/links/evidence_items/18,https://civicdb.org/links/molecular_profiles/32,False
JAK2 V617F,64,Polycythemia Vera,8997.0,,Peginterferon Alfa-2b,,Predictive,Supports,B,Sensitivity/Response,"In patients with JAK2 V617F, the use of pegylated IFN-alpha-2a leads to reduction in the percentage of cells harboring JAK2 V617F.",16709929,PubMed,,"Kiladjian et al., 2006",NCT00241241,4,accepted,19,Somatic,2023-01-09 21:46:26 UTC,https://civicdb.org/links/evidence_items/19,https://civicdb.org/links/molecular_profiles/64,False
BRAF V600D,11,Melanoma,1909.0,,Dabrafenib,,Predictive,Supports,B,Sensitivity/Response,Patients with other BRAF V600 mutations also respond well to the V600E drug dabrafenib.,23463675,PubMed,,"Ponti et al., 2013",,5,accepted,94,Somatic,2023-01-09 21:46:24 UTC,https://civicdb.org/links/evidence_items/94,https://civicdb.org/links/molecular_profiles/11,False
BRAF V600E,12,Melanoma,1909.0,,"Trametinib,Dabrafenib",Combination,Predictive,Supports,B,Sensitivity/Response,Dabrafenib with trametinib provides higher response rate and lower toxicity (as compared to chemotherapy) in patients with melanoma.,24583796,PubMed,,"Menzies et al., 2014",,5,accepted,95,Somatic,2023-01-09 21:46:24 UTC,https://civicdb.org/links/evidence_items/95,https://civicdb.org/links/molecular_profiles/12,False
BRCA1 Loss-of-function,131,Ovarian Cancer,2394.0,,Olaparib,,Predictive,Supports,B,Sensitivity/Response,The combination of PARP inhibition (Olaparib) with BRCA mutation results in irreparable and lethal DNA damage. Response rates are higher in BRCA1 mutation positive women with high grade serous or undifferentiated ovarian cancer.,23346317,PubMed,,"Goff, 2013",,4,accepted,211,Rare Germline,2023-01-09 21:46:28 UTC,https://civicdb.org/links/evidence_items/211,https://civicdb.org/links/molecular_profiles/131,False
BRCA2 Loss-of-function,132,Ovarian Cancer,2394.0,,Olaparib,,Predictive,Supports,B,Sensitivity/Response,The combination of PARP inhibition (Olaparib) with BRCA mutation results in irreparable and lethal DNA damage. Response rates are higher in BRCA2 mutation positive women with high grade serous or undifferentiated ovarian cancer.,23346317,PubMed,,"Goff, 2013",,4,accepted,212,Rare Germline,2025-11-23 20:45:45 UTC,https://civicdb.org/links/evidence_items/212,https://civicdb.org/links/molecular_profiles/132,True
BCR::ABL1 Fusion,1,Acute Myeloid Leukemia,9119.0,,Imatinib,,Predictive,Supports,A,Sensitivity/Response,Treatment of Philadelphia chromosome positive leukemias with imatinib results in high rates of complete remission in patients with CML.,12476305,PubMed,,"Nimmanapalli et al., 2002",,5,accepted,259,Somatic,2023-01-09 21:46:24 UTC,https://civicdb.org/links/evidence_items/259,https://civicdb.org/links/molecular_profiles/1,False
BCR::ABL1 Fusion,1,Chronic Myeloid Leukemia,8552.0,,Imatinib,,Predictive,Supports,A,Sensitivity/Response,The clinical use of imatinib in patients with BCR-ABL fusion has resulted in drastic prognostic improvements in patients with CML.,20537386,PubMed,,"An et al., 2010",,5,accepted,260,Somatic,2023-01-09 21:46:24 UTC,https://civicdb.org/links/evidence_items/260,https://civicdb.org/links/molecular_profiles/1,False
BCR::ABL1 Fusion,1,Chronic Myeloid Leukemia,8552.0,,"Dasatinib,Nilotinib",Substitutes,Predictive,Supports,A,Sensitivity/Response,"The use of nilotinib and dasatinib, second-generation BCR-ABL targeted therapies, has been effective in patients resistant to imatinib, leading to their FDA-approval.",20537386,PubMed,,"An et al., 2010",,4,accepted,261,Somatic,2023-01-09 21:46:24 UTC,https://civicdb.org/links/evidence_items/261,https://civicdb.org/links/molecular_profiles/1,False
EGFR L858R,33,Lung Non-small Cell Carcinoma,3908.0,,"Gefitinib,Erlotinib",Substitutes,Predictive,Supports,B,Sensitivity/Response,"In NSCLC patients treated with EGFR tyrosine kinase inhibitors, the presence of L858R mutation is prognostic for better progression free survival.",24457318,PubMed,,"Fukihara et al., 2014",,4,accepted,275,Somatic,2023-01-09 21:46:25 UTC,https://civicdb.org/links/evidence_items/275,https://civicdb.org/links/molecular_profiles/33,False
FLT3 ITD,55,Acute Myeloid Leukemia,9119.0,,Lestaurtinib,,Predictive,Supports,B,Sensitivity/Response,CEP701 was effective in reducing blast counts of 5/14 heavily pre-treated AML patients with FLT3 mutations.,14726387,PubMed,,"Smith et al., 2004",,4,accepted,297,Somatic,2023-01-09 21:46:26 UTC,https://civicdb.org/links/evidence_items/297,https://civicdb.org/links/molecular_profiles/55,False
FLT3 ITD,55,Acute Myeloid Leukemia,9119.0,,Sorafenib,,Predictive,Supports,B,Sensitivity/Response,"Sorafenib is effective in patients with FLT3 internal tandem repeats, but not in wild type or D835 mutation.",18230792,PubMed,,"Zhang et al., 2008",,4,accepted,298,Somatic,2023-01-09 21:46:26 UTC,https://civicdb.org/links/evidence_items/298,https://civicdb.org/links/molecular_profiles/55,False
KRAS G13D,81,Colorectal Cancer,9256.0,,Cetuximab,,Predictive,Supports,B,Sensitivity/Response,KRAS G13D mutation is associated with better response to Cetuximab with longer progression-free and overall survival in colorectal patients compared to other KRAS.,20978259,PubMed,,"De Roock et al., 2010",,4,accepted,306,Somatic,2023-01-09 21:46:27 UTC,https://civicdb.org/links/evidence_items/306,https://civicdb.org/links/molecular_profiles/81,False
MGMT Promoter Methylation,85,Glioblastoma,3068.0,,Temozolomide,,Predictive,Supports,A,Sensitivity/Response,"In a randomized clinical trial, patients with MGMT promoter methylation benefitted from temozolomide. This benefit was also methylation status dependent, as those without methylation did not see increased survival.",15758010,PubMed,,"Hegi et al., 2005",,5,accepted,307,Somatic,2023-01-09 21:46:27 UTC,https://civicdb.org/links/evidence_items/307,https://civicdb.org/links/molecular_profiles/85,False
MGMT Promoter Methylation,85,Glioblastoma,3068.0,,Carmustine,,Predictive,Supports,B,Sensitivity/Response,"MGMT promoter methylation has been shown to confer sensitivity to alkylating agents, such as carmustine, in glioblastoma cells.",11070098,PubMed,,"Esteller et al., 2000",,4,accepted,308,Somatic,2023-01-09 21:46:27 UTC,https://civicdb.org/links/evidence_items/308,https://civicdb.org/links/molecular_profiles/85,False
PML::RARA Fusion,108,Acute Promyelocytic Leukemia,60318.0,,Tretinoin,,Predictive,Supports,B,Sensitivity/Response,Fusion protein degradation is accelerated upon ATRA treatment of acute promyelocytic cells at pharmalogical concentrations.,8674046,PubMed,,"Yoshida et al., 1996",,5,accepted,316,Somatic,2023-01-09 21:46:28 UTC,https://civicdb.org/links/evidence_items/316,https://civicdb.org/links/molecular_profiles/108,False
BCR::ABL1 Fusion,1,Chronic Myeloid Leukemia,8552.0,,Imatinib,,Predictive,Supports,A,Sensitivity/Response,"BCR-ABL inhibitors such as imatinib have lead to significantly improved prognosis, response rate, overall survival, and patient outcome in CML patients compared to previous therapeutic regimens.",20537386,PubMed,,"An et al., 2010",,5,accepted,344,Somatic,2023-01-09 21:46:24 UTC,https://civicdb.org/links/evidence_items/344,https://civicdb.org/links/molecular_profiles/1,False
EGFR Exon 19 Deletion,133,Lung Non-small Cell Carcinoma,3908.0,,"Erlotinib,Gefitinib",Substitutes,Predictive,Supports,B,Sensitivity/Response,NSCLC patients with exon 19 deletions in EGFR had longer overall survival than patients with an L858R mutation when treated with gefitinib or erlotinib (38 versus 17 months; P = 0.04).,16818686,PubMed,,"Jackman et al., 2006",,4,accepted,413,Somatic,2023-01-09 21:46:28 UTC,https://civicdb.org/links/evidence_items/413,https://civicdb.org/links/molecular_profiles/133,False
PGR Expression,210,Breast Cancer,1612.0,,"Exemestane,Tamoxifen",Substitutes,Predictive,Does Not Support,B,Sensitivity/Response,"Multivariate Cox regression analysis showed no disease free survival benefit for exemestane compared with tamoxifen in either PgR-low (n=984; HR, 0.85; 95% CI, 0.61 to 1.19) or PgR-high (n=3,341; HR, 0.83; 95% CI, 0.65 to 1.05) breast cancer patients (P=.88 for interaction).",21422407,PubMed,,"Bartlett et al., 2011",,4,accepted,502,,2023-01-09 21:46:30 UTC,https://civicdb.org/links/evidence_items/502,https://civicdb.org/links/molecular_profiles/210,False
ERBB2 Amplification,302,Her2-receptor Positive Breast Cancer,60079.0,,Trastuzumab,,Predictive,Supports,B,Sensitivity/Response,"A randomized clinical trial of 469 patients with previously untreated, HER2-positive, metastatic breast cancer demonstrated improved time to disease progression, objective response rate, and duration of response for patients who received trastuzumab in addition to chemotherapy compared to chemotherapy alone.",11248153,PubMed,,"Slamon et al., 2001",,5,accepted,528,Somatic,2023-01-09 21:46:31 UTC,https://civicdb.org/links/evidence_items/528,https://civicdb.org/links/molecular_profiles/302,False
ERBB2 Amplification,302,Her2-receptor Positive Breast Cancer,60079.0,,Trastuzumab,,Predictive,Supports,B,Sensitivity/Response,"A randomized clinical trial of 186 patients with previously untreated, HER2-positive, metastatic breast cancer demonstrated improved overall survival, response rate, response duration, time to progression, and time to treatment failure for patients who received trastuzumab in addition to chemotherapy (docetaxel) compared to chemotherapy alone.",15911866,PubMed,,"Marty et al., 2005",,5,accepted,529,Somatic,2023-01-09 21:46:31 UTC,https://civicdb.org/links/evidence_items/529,https://civicdb.org/links/molecular_profiles/302,False
BCR::ABL1 Fusion AND ABL1 T315I,4373,Chronic Myeloid Leukemia,8552.0,,Ponatinib,,Predictive,Supports,B,Sensitivity/Response,Ponatinib has shown to be effective in patients with BCR-ABL kinase domain mutations including T315I.,25349473,PubMed,,"Miller et al., 2014",,5,accepted,639,Somatic,2023-08-25 16:21:01 UTC,https://civicdb.org/links/evidence_items/639,https://civicdb.org/links/molecular_profiles/4373,True
EGFR T790M,34,Lung Non-small Cell Carcinoma,3908.0,,Rociletinib,,Predictive,Supports,B,Sensitivity/Response,"In a phase1-2 study, patients with the T790M mutation were more sensitive to rocelitinib in comparison to patients with T790M-negative NSCLC.",25923550,PubMed,,"Sequist et al., 2015",NCT01526928,4,accepted,646,Somatic,2023-01-09 21:46:26 UTC,https://civicdb.org/links/evidence_items/646,https://civicdb.org/links/molecular_profiles/34,False
BRCA2 Loss-of-function,132,Prostate Cancer,10283.0,,Olaparib,,Predictive,Supports,B,Sensitivity/Response,"In a phase 2 trial of patients with metastatic, castration-resistant prostate cancer, treated with olaparib tablets at a dose of 400 mg twice a day, all 7 patients harbouring BRCA2 loss of function alleles (biallelic somatic loss or germline mutations in combination with somatic copy loss or copy neutral LOH) demonstrated a clinical response.",26510020,PubMed,,"Mateo et al., 2015",NCT01682772,4,accepted,650,Somatic,2023-01-09 21:46:28 UTC,https://civicdb.org/links/evidence_items/650,https://civicdb.org/links/molecular_profiles/132,False
KIT Exon 11 Mutation,66,Gastrointestinal Stromal Tumor,9253.0,,Imatinib,,Predictive,Supports,A,Sensitivity/Response,"This prospective study of 127 pretreatment patients with metastatic gastrointestinal stromal tumors (GISTs) examined the relationship between kinase (KIT and PDGFRA) genotype and treatment outcome for patients enrolled in a randomized phase II trial of imatinib (CSTI571B 2222). 85 patients harbored KIT exon 11 mutated GISTs: 71 had an in-frame deletion and 15 had unspecified point mutations (3 codon 557 cases, 3 codon 559 cases, 6 codon 560 cases and 2 codon 576 cases). Of patients harboring KIT exon 11 mutated GISTs, 71 (83.5%) had a partial response, 7 had stable disease, 4 had progressive disease and 3 were nonassessable. Patients with KIT exon 11 mutations were significantly more likely to have a partial response than those with KIT exon 9 mutations (P=.0006) or double WT kinases (WT KIT and WT PDGFRA; P < .0001). The presence of a KIT exon 11 mutation was the strongest predictor of response (Hazard ratio= 7.85). Patients harboring KIT exon 11 mutant GISTs experienced longer event free survival (median: 687 days) than those with KIT exon 9 mutant or double WT kinase GISTs (200 days and 82 days, respectively). Furthermore, patients whose tumors expressed an exon 11 mutant KIT had improved overall survival compared to patients whose tumor expressed an exon 9 mutant KIT (P = .0034) or double WT kinases (P <.0001).",14645423,PubMed,,"Heinrich et al., 2003",,4,accepted,654,Somatic,2023-03-02 22:34:01 UTC,https://civicdb.org/links/evidence_items/654,https://civicdb.org/links/molecular_profiles/66,False
XRCC1 R194W,245,Lung Non-small Cell Carcinoma,3908.0,,"Gemcitabine,Docetaxel,Vinorelbine",Substitutes,Predictive,Supports,B,Sensitivity/Response,The XRCC1 R194W variant was shown to be correlated with increased chance of response to platinum-based chemotherapy in Stage IV Non-small Cell Lung Carcinoma (NSCLC). 82 patients with Stage IV NSCLC who had not previously been treated with chemotherapy were used in this study.,19157633,PubMed,,"Sun et al., 2009",,4,accepted,659,Rare Germline,2023-01-09 21:46:30 UTC,https://civicdb.org/links/evidence_items/659,https://civicdb.org/links/molecular_profiles/245,False
GSTP1 I105V,255,Colorectal Cancer,9256.0,,FOLFOX Regimen,,Predictive,Supports,B,Sensitivity/Response,"Patients with the GSTP1 I105V variant had greater response to FOLFOX-4 treatment, longer progression-free survival, and longer overall survival. 166 Chinese patients with metastatic colorectal carcinoma who had been treated with FOLFOX-4 were used in this study.",19922504,PubMed,,"Chen et al., 2010",,4,accepted,670,Common Germline,2023-01-09 21:46:30 UTC,https://civicdb.org/links/evidence_items/670,https://civicdb.org/links/molecular_profiles/255,False
XRCC1 Q399R,257,Cervical Cancer,4362.0,,"Cisplatin,Carboplatin",Substitutes,Predictive,Supports,B,Sensitivity/Response,The XRCC1 R399Q variant was correlated with increased response to platinum-based neoadjuvant chemotherapy in patients with cervical cancer. Tumor samples from 36 patients with Stage IB or IIA bulky (greater than 4 cm in size) cervical carcinomas were used in this study.,16875718,PubMed,,"Chung et al., 2006",,4,accepted,673,Rare Germline,2023-01-09 21:46:30 UTC,https://civicdb.org/links/evidence_items/673,https://civicdb.org/links/molecular_profiles/257,False
v::ROS1 Fusion,2562,Lung Non-small Cell Carcinoma,3908.0,,Crizotinib,,Predictive,Supports,A,Sensitivity/Response,"An expansion cohort of a phase-1 Crizotinib study found a 72% objective response rate among 50 patients with ROS1 rearrangement. The study did not compare to patients without rearrangement that were treated with Crizotinib. Several different ROS1 fusion partners were identified, but no clinical differences in outcome were associated with the identity of the 5' partner.",25264305,PubMed,,"Shaw et al., 2014",NCT00585195,4,accepted,688,Somatic,2024-08-27 22:50:28 UTC,https://civicdb.org/links/evidence_items/688,https://civicdb.org/links/molecular_profiles/2562,False
EGFR Amplification,190,Head And Neck Squamous Cell Carcinoma,5520.0,,"Platinum Compound,Cetuximab,Fluorouracil",Combination,Predictive,Does Not Support,B,Sensitivity/Response,EGFR amplification was not a predictor of response to cetuximab/5-FU/platinum in patients with recurrent or metastatic HNSSC from the EXTREME study.,21048039,PubMed,,"Licitra et al., 2011",,4,accepted,691,Somatic,2023-01-09 21:46:29 UTC,https://civicdb.org/links/evidence_items/691,https://civicdb.org/links/molecular_profiles/190,False
EGFR Overexpression,193,Head And Neck Squamous Cell Carcinoma,5520.0,,Cetuximab,,Predictive,Does Not Support,B,Sensitivity/Response,EGFR expression level was not predicitive of response to cetuximab-containing first line regimens in recurrent or metastatic head and neck squamous cell carcinoma and KRAS-wild type colorectal carcinoma.,23265711,PubMed,,"Licitra et al., 2013","NCT00122460,NCT00154102",4,accepted,692,,2023-01-09 21:46:29 UTC,https://civicdb.org/links/evidence_items/692,https://civicdb.org/links/molecular_profiles/193,False
EGFR Overexpression,193,Lung Non-small Cell Carcinoma,3908.0,,Epidermal Growth Factor Receptor Tyrosine Kinase Inhibitor,,Predictive,Supports,B,Sensitivity/Response,EGFR overexpression was correlated with longer overall survival in patients with advanced NSCLC treated with first line chemotherapy and cetuximab than those treated with first line chemotherapy alone.,22056021,PubMed,,"Pirker et al., 2012",NCT00148798,4,accepted,693,,2023-01-09 21:46:29 UTC,https://civicdb.org/links/evidence_items/693,https://civicdb.org/links/molecular_profiles/193,False
CD274 Expression,272,Melanoma,1909.0,,"Nivolumab,Pembrolizumab",Substitutes,Predictive,Supports,B,Sensitivity/Response,"Based on a meta-analysis of 20 trials (1475 patients), of which 7 studies (636 patients) included melanoma, PD-L1 expression was associated with a higher ORR rate in patients with melanoma. Active drugs were Nivolumab and Pembrolizumab, PD-1 receptor targeting antibodies.",26086854,PubMed,,"Carbognin et al., 2015",,4,accepted,704,,2023-01-09 21:46:31 UTC,https://civicdb.org/links/evidence_items/704,https://civicdb.org/links/molecular_profiles/272,False
CD274 Expression,272,Lung Non-small Cell Carcinoma,3908.0,,"Nivolumab,Pembrolizumab",Substitutes,Predictive,Supports,B,Sensitivity/Response,"Based on a meta-analysis of 20 trials (1475 patients), PD-L1 expression was associated with a higher ORR rate in patients with NSCLC. Active drugs were Nivolumab and Pembrolizumab, PD-1 receptor targeting antibodies.",26086854,PubMed,,"Carbognin et al., 2015",,4,accepted,743,,2023-01-09 21:46:31 UTC,https://civicdb.org/links/evidence_items/743,https://civicdb.org/links/molecular_profiles/272,False
PTCH1 Mutation,297,Medulloblastoma,50902.0,,Sonidegib,,Predictive,Supports,B,Sensitivity/Response,"133 sonic-hedghog driven medulloblastomas were sequenced for alterations (WGS or WES). 60 cases exhibited PTCH1 mutations, most of which were likely loss-of-function (spread across the gene and of types including: stop gain, splice site, frameshift, etc.). Functional models also showed PTCH1 mutant xenografts to be sensitive to SHH inhibition with sonidegib.",24651015,PubMed,,"Kool et al., 2014",,4,accepted,748,Somatic,2023-01-09 21:46:31 UTC,https://civicdb.org/links/evidence_items/748,https://civicdb.org/links/molecular_profiles/297,False
EGFR VIII,308,Glioblastoma,3068.0,,Epidermal Growth Factor Receptor Tyrosine Kinase Inhibitor,,Predictive,Supports,B,Sensitivity/Response,49 patients (26 pretreatment tissues available for analysis) with recurrent glioblastomas who were treated with EGFR TKIs were analyzed in this study. Results were confirmed in an independent cohort of 33 patients. EGFRvIII and PTEN coexpression were associated with responsiveness to EGFR TKI.,16282176,PubMed,,"Mellinghoff et al., 2005",,4,accepted,772,Somatic,2023-01-09 21:46:32 UTC,https://civicdb.org/links/evidence_items/772,https://civicdb.org/links/molecular_profiles/308,False
PTEN Expression,309,Glioblastoma,3068.0,,Epidermal Growth Factor Receptor Tyrosine Kinase Inhibitor,,Predictive,Supports,B,Sensitivity/Response,49 patients (26 pretreatment tissues available for analysis) with recurrent glioblastomas who were treated with EGFR TKIs were analyzed in this study. Results were confirmed in an independent cohort of 33 patients. EGFRvIII and PTEN coexpression were associated with responsiveness to EGFR TKI.,16282176,PubMed,,"Mellinghoff et al., 2005",,4,accepted,774,,2023-01-09 21:46:32 UTC,https://civicdb.org/links/evidence_items/774,https://civicdb.org/links/molecular_profiles/309,False
ERCC1 Expression,325,Bladder Carcinoma,4007.0,,Cisplatin,,Predictive,Does Not Support,B,Sensitivity/Response,Immunhistochemistry of ERCC1 expression in 432 patients revealed no correlation to response to cisplatin based chemotherapy. In-vitro studies also did not show any effects.,26162296,PubMed,,"Klatte et al., 2015",,4,accepted,809,,2023-01-09 21:46:32 UTC,https://civicdb.org/links/evidence_items/809,https://civicdb.org/links/molecular_profiles/325,False
NRG1 Expression,310,Lung Non-small Cell Carcinoma,3908.0,,Patritumab,,Predictive,Supports,B,Sensitivity/Response,"In this phase-2 study, 215 patients were randomized to either erlotinib and placebo or erlotinib and HER3 monoclonal antibody patritumab. HRG (NRG1) expression was retrospectively defined as predictive biomarker but prospectively assessed in 102 patients before unblinding. NRG1-high groups demonstrated clinical benefit from additional patritumab with hazard ratios of 0.37 (P = 0.0283) and 0.29 (P = 0.0027) in the high- and low-dose patritumab arms, respectively.",26137564,PubMed,,"Mendell et al., 2015",,4,accepted,813,,2023-01-09 21:46:32 UTC,https://civicdb.org/links/evidence_items/813,https://civicdb.org/links/molecular_profiles/310,False
PDCD4 EXPRESSION,333,Lung Cancer,1324.0,,Paclitaxel,,Predictive,Supports,B,Sensitivity/Response,PDCD4 expression was associated with response to paclitaxel in a retrospective analysis of 77 patients after preclinical validation and mechanistic analysis of the biomarker.,25928036,PubMed,,"Xu et al., 2015",,4,accepted,821,,2023-01-09 21:46:32 UTC,https://civicdb.org/links/evidence_items/821,https://civicdb.org/links/molecular_profiles/333,False
EGFR L858R,33,Lung Adenocarcinoma,3910.0,,Afatinib,,Predictive,Supports,B,Sensitivity/Response,"A phase III clinical trial (NCT00949650) found that median progression free survival among patients with exon 19 deletions or L858R EGFR mutations (n = 308) was 13.6 months for afatinib and 6.9 months for chemotherapy (HR, 0.47; 95% CI, 0.34 to 0.65; P = 0.001).",23816960,PubMed,,"Sequist et al., 2013",NCT00949650,4,accepted,879,Somatic,2023-01-09 21:46:25 UTC,https://civicdb.org/links/evidence_items/879,https://civicdb.org/links/molecular_profiles/33,False
EGFR Exon 19 Deletion,133,Lung Adenocarcinoma,3910.0,,Afatinib,,Predictive,Supports,B,Sensitivity/Response,"A phase III clinical trial (NCT00949650) found that median progression free survival among patients with EGFR exon 19 deletion was 13.6 months for afatinib and 6.9 months for chemotherapy (HR, 0.47; 95% CI, 0.34 to 0.65; P = .001). 308 patients had either exon 19 or L858 mutations.",23816960,PubMed,,"Sequist et al., 2013",NCT00949650,4,accepted,880,Somatic,2023-01-09 21:46:28 UTC,https://civicdb.org/links/evidence_items/880,https://civicdb.org/links/molecular_profiles/133,False
HSPA5 EXPRESSION,382,Colorectal Cancer,9256.0,,Fluorouracil,,Predictive,Supports,B,Sensitivity/Response,"Expression of GRP78 (HSPA5) in colorectal cancer patients (n=396, by IHC) showed improved benefit from adjuvant chemotherapy in stage III patients (52% vs. 28%; p = 0.026). In vitro, GRP78 inhibition reduced response to 5-FU.",23456958,PubMed,,"Thornton et al., 2013",,4,accepted,914,,2023-01-09 21:46:33 UTC,https://civicdb.org/links/evidence_items/914,https://civicdb.org/links/molecular_profiles/382,False
FOXP3 EXPRESSION,390,Breast Cancer,1612.0,,Epirubicin,,Predictive,Supports,B,Sensitivity/Response,"1,097 patients with breast cancer were evaluated for FOXP3 expression by IHC. FOXP3 expression was found in 405 tumor samples and associated with improved OS in patients treated with anthracycline-based adjuvant chemotherapy (6 cycles of 'FEC100' aka epirubicin + cyclophosphamide + 5-fluorouracil) but not in patients treated with sequential anthracycline->taxane (3 cycles of FEC100 followed by 3 cycles of docetaxel). In-vitro experiments confirmed that FOXP3 expression enhance anthracycline efficacy. The in vitro data consisted of testing the sensitivity of various breast cancer cell lines to anthracyclines after treatment with valproic acid (which increases FOXP3 expression). The authors observed that, while valproic acid has no intrinsic cytotoxic effect on tumor cells, it enhanced the cytotoxic effect of epirubicin specifically in cell lines where FOXP3 expression was increased.",22431701,PubMed,,"Ladoire et al., 2012",,4,accepted,928,,2023-01-09 21:46:33 UTC,https://civicdb.org/links/evidence_items/928,https://civicdb.org/links/molecular_profiles/390,False
EGFR Amplification,190,Lung Non-small Cell Carcinoma,3908.0,,Epidermal Growth Factor Receptor Tyrosine Kinase Inhibitor,,Predictive,Supports,B,Sensitivity/Response,"A meta-analysis of EGFR gene copy number as a predictive biomarker for patients receiving tyrosine kinase inhibitor treatment was performed. In total, 20 (1689 patients, 594 with increased gene copy number), 10 (822 patients, 290 with increased gene copy number) and 5 studies (294 patients, 129 with increased gene copy number) were analyzed for overall survival (OS), progression-free survival (PFS) and time-to-progression (TTP) meta-analyses respectively. EGFR amplification was associated with increased OS (HR = 0.77; 95% CI 0.66-0.89; P = 0.001), PFS (HR = 0.60; 95% CI 0.46-0.79; P<0.001) and TTP (HR = 0.50; 95% CI 0.28-0.91; P = 0.02). This effect was shown to influence survival in predominantly white patient populations but not patients of Asian descent.",20826716,PubMed,,"Dahabreh et al., 2011",,4,accepted,948,Somatic,2023-01-09 21:46:29 UTC,https://civicdb.org/links/evidence_items/948,https://civicdb.org/links/molecular_profiles/190,False
EGFR T790M,34,Lung Non-small Cell Carcinoma,3908.0,,Osimertinib,,Predictive,Supports,B,Sensitivity/Response,"This phase I/II trial (NCT01802632) involved 253 non-small cell lung cancer patients with activating EGFR mutations, who had progressed on first generation tyrosine kinase inhibitor treatment, and were subsequently treated with Osimertinib (AZD9291). The overall objective tumor response rate was 51%. Among 127 patients with EGFR T790M who could be evaluated for response, the response rate was 61% (95% CI, 52 to 70). In contrast, among 61 patients without EGFR T790M, the response rate was 21% (95% CI, 12 to 34). The median progression-free survival was 9.6 months in EGFR T790M-positive patients and 2.8 months in EGFR T790M-negative patients.",25923549,PubMed,,"J√§nne et al., 2015",NCT01802632,4,accepted,965,Somatic,2023-01-09 21:46:26 UTC,https://civicdb.org/links/evidence_items/965,https://civicdb.org/links/molecular_profiles/34,False
ERBB2 SERUM LEVELS,412,Breast Cancer,1612.0,,Lapatinib,,Predictive,Supports,B,Sensitivity/Response,"Serum and tissue levels of HER2 (ERBB2) were analyzed in 1,902 breast cancer patients treated with lapatinib or control. Serum HER2 (sHER2) levels measured by ELISA were higher in patients with HER2 amplification (median sHER2 levels were 25.1 ng/mL in patients with HER2-positive tumors). Serum HER2 levels were Independent predictors of lapatinib progression free survival benefit (HR per 10-ng/mL increase in serum HER2: lapatinib-containing therapies, 1.009 v nonlapatinib-containing therapies, 1.044; P interaction < .001). Tissue HER2 levels were also predictive, but within this subgroup, serum HER2 still independently predicted lapatinib PFS benefit.",26811533,PubMed,,"Lee et al., 2016",,4,accepted,972,,2023-01-09 21:46:33 UTC,https://civicdb.org/links/evidence_items/972,https://civicdb.org/links/molecular_profiles/412,False
EGFR Exon 19 Deletion,133,Lung Adenocarcinoma,3910.0,,Afatinib,,Predictive,Supports,B,Sensitivity/Response,Afatinib is an irreversible covalent inhibitor of EGFR (second generation). This Phase III clinical trial (LUX-Lung 6; NCT01121393) was performed in Asian patients with EGFR mutant advanced NSCLC. 364 eligible patients with EGFR mutations were assigned to afatinib (n=242) or gemcitabine and cisplatin (n=122) treatment. The trial observed significantly longer median progression-free survival with afatinib vs. gemcitabine and cisplatin treatment (11.0 vs. 5.6 months). Afatinib/Chemotherapy group compositions: 51.2/50.8 % del 19; 38/37.7 % Leu858Arg; 10.8/11.5 % Uncommon.,24439929,PubMed,,"Wu et al., 2014",NCT01121393,4,accepted,981,Somatic,2023-01-09 21:46:28 UTC,https://civicdb.org/links/evidence_items/981,https://civicdb.org/links/molecular_profiles/133,False
EGFR L858R,33,Lung Adenocarcinoma,3910.0,,Afatinib,,Predictive,Supports,B,Sensitivity/Response,Afatinib is an irreversible covalent inhibitor of EGFR (second generation). This Phase III clinical trial (LUX-Lung 6; NCT01121393) was performed in Asian patients with EGFR mutant advanced NSCLC. 364 eligible patients with EGFR mutations were assigned to afatinib (n=242) or gemcitabine and cisplatin (n=122) treatment. The trial observed significantly longer median progression-free survival with afatinib vs. gemcitabine and cisplatin treatment (11.0 vs. 5.6 months). Afatinib/Chemotherapy group compositions: 51.2/50.8 % del 19; 38/37.7 % Leu858Arg; 10.8/11.5 % Uncommon.,24439929,PubMed,,"Wu et al., 2014",NCT01121393,4,accepted,982,Somatic,2023-01-09 21:46:25 UTC,https://civicdb.org/links/evidence_items/982,https://civicdb.org/links/molecular_profiles/33,False
EGFR Exon 19 Deletion,133,Lung Adenocarcinoma,3910.0,,Afatinib,,Predictive,Supports,B,Sensitivity/Response,"In analysis of LUX-Lung 3 and LUX-Lung 6 trials (NCT00949650 and NCT01121393), of EGFR mutant NSCLC, median overall survival with afatinib treatment was seen to be significantly improved over chemotherapy (33.3 vs 21.1 and 31.4 vs 18.4 months in LUX-Lung 3 and LUX-Lung 6 respectively). This effect was observed in the EGFR exon 19 deletion subgroup, but not in the L858R mutant subgroup.",25589191,PubMed,,"Yang et al., 2015","NCT00949650,NCT01121393",4,accepted,983,Somatic,2023-01-09 21:46:28 UTC,https://civicdb.org/links/evidence_items/983,https://civicdb.org/links/molecular_profiles/133,False
MYD88 L265P,420,Lymphoplasmacytic Lymphoma,60901.0,,Ibrutinib,,Predictive,Supports,B,Sensitivity/Response,A prospective study of ibrutinib in 63 symptomatic patients with Waldenstr√∂m's macroglobulinemia who had received at least one previous treatment. The response rates were highest among patients with MYD88(L265P) and CXCR4(WT). The MYD88 L265P mutation was present in 56 patients (89%).,25853747,PubMed,,"Treon et al., 2015",NCT01614821,4,accepted,986,Somatic,2023-01-09 21:46:33 UTC,https://civicdb.org/links/evidence_items/986,https://civicdb.org/links/molecular_profiles/420,False
KRAS Mutation,332,Lung Non-small Cell Carcinoma,3908.0,,"Selumetinib,Docetaxel",Combination,Predictive,Supports,B,Sensitivity/Response,"87 patients with KRAS mutant stage IIB-IV NSCLC after first line therapy were randomly assigned (1:1) to oral selumetunib and docetaxel or docetaxel and Placebo. Median OS was 9¬∑4 months (6¬∑8-13¬∑6) in selumetinib group and 5¬∑2 months (95% CI 3¬∑8-non-calculable) in placebo group (hazard ratio [HR] for death 0¬∑80, 80% CI 0¬∑56-1¬∑14; one-sided p=0¬∑21). Median PFS was 5¬∑3 months (4¬∑6-6¬∑4) in selumetinib group and 2¬∑1 months (95% CI 1¬∑4-3¬∑7) in placebo group (HR for progression 0¬∑58, 80% CI 0¬∑42-0¬∑79; one-sided p=0¬∑014). An objective response was observed in 16 (37%) patients in the selumetinib group and none in the placebo group(p<0¬∑0001).",23200175,PubMed,,"J√§nne et al., 2013",NCT00890825,4,accepted,999,Somatic,2023-01-09 21:46:32 UTC,https://civicdb.org/links/evidence_items/999,https://civicdb.org/links/molecular_profiles/332,False
ERBB2 Amplification,302,Her2-receptor Positive Breast Cancer,60079.0,,"Trastuzumab,Lapatinib",Combination,Predictive,Supports,B,Sensitivity/Response,"In light of results showing increased PFS using mAB plus TKI in heavily pretreated patients, the efficacy of trastuzumab plus lapatinib in a neoadjuvant setting with untreated stage II or IIIA HER2 positive breast cancer was assessed. In this randomized 3 arm phase II study (CHER-LOB), patients received (A) chemotherapy plus trastuzumab, (B) chemotherapy plus lapatinib, or (C) chemotherapy plus trastuzumab and lapatinib, with pathologic complete response (pCR) as endpoint. From 121 patients, pCR rates were 25% in arm A, 26.3% in arm B, and 46.7% in arm C. The authors conclude these results support the superiority of dual-HER2 inhibition in the neoadjuvant context of HER2 positive BC.",22493419,PubMed,,"Guarneri et al., 2012",,4,accepted,1007,Somatic,2023-01-09 21:46:31 UTC,https://civicdb.org/links/evidence_items/1007,https://civicdb.org/links/molecular_profiles/302,False
ERBB2 Amplification,302,Her2-receptor Positive Breast Cancer,60079.0,,"Lapatinib,Trastuzumab",Combination,Predictive,Does Not Support,B,Sensitivity/Response,"This Phase III trial compared the activity of lapatinib vs. trastuzumab vs. sequential trastuzumab followed by lapatinib vs. lapatinib plus trastuzumab in an adjuvant treatment setting. 8381 women were randomized to one of four treatment arms. Patients had HER2 positive non-metastatic operable BC. The primary endpoint was disease free survival. First results report that after median 4.5 year follow up, a non significant 16% improvement in DFS was seen in trastuzumab + lapatinib vs. trastuzumab alone. The results are interpreted as showing no added benefit for labatinib addition to trastuzumab in the adjuvant treatment context. This trial is ongoing but not recruiting patients (NCT00490139).",26255196,PubMed,,"Zardavas et al., 2015",,4,accepted,1008,Somatic,2023-01-09 21:46:31 UTC,https://civicdb.org/links/evidence_items/1008,https://civicdb.org/links/molecular_profiles/302,False
ERBB2 Amplification,302,Her2-receptor Positive Breast Cancer,60079.0,,"Lapatinib,Trastuzumab",Combination,Predictive,Supports,B,Sensitivity/Response,"This Phase III study (EGF104900) was motivated by preclinical and other data demonstrating synergistic activity between lapatinib and trastuzumab against HER2 positive breast cancer (BC) cells. In this study of HER2 positive metastatic BC which had progressed on trastuzumab, two arms were compared: lapatinib vs. lapatinib + trastuzumab. Progression free survival (PFS) was the primary endpoint. For 296 patients, 148 in each arm, median PFS of 8.1 weeks for lapatinib and 12.0 for combination therapy was observed (P=0.008). The authors conclude that in the context of metastatic trastuzumab-progressed HER2 positive BC, trastuzumab with lapatinib TKI addition is a favorable treatment.",20124187,PubMed,,"Blackwell et al., 2010",,4,accepted,1009,Somatic,2023-01-09 21:46:31 UTC,https://civicdb.org/links/evidence_items/1009,https://civicdb.org/links/molecular_profiles/302,False
ERBB2 Amplification,302,Her2-receptor Positive Breast Cancer,60079.0,,Afatinib,,Predictive,Does Not Support,B,Sensitivity/Response,"LUX-Breast 1 is a phase 3 trial (NCT01125566) which enrolled 508 patients with metastatic HER2 positive BC who had progressed after adjuvant or first-line trastuzumab. It was thought that the wider range of ErbB family blocking and irreversible properties of afatinib could be beneficial in trastuzumab resistant cancer cells, since ErbB family members are thought to play a role in trastuzumab resistance. Primary endpoint was intention-to-treat group PFS. 339 patients were assigned to afatanib + vinorelbine and 169 to trastuzumab + vinorelbine. Recruitment was stopped prematurely when it was deemed unlikely that the increased PFS would be seen in the afatinib group. Median PFS was 5.5 months in the afatinib group and 5.6 months in the trastuzumab group. Afatanib plus vinorelbine was less well tolerated than trastuzumab plus vinorelbine, and the authors conclude that trastuzumab remains the best choice for treatment of trastuzumab-progressed HER2 positive metastatic BC.",26822398,PubMed,,"Harbeck et al., 2016",NCT01125566,4,accepted,1012,Somatic,2023-01-09 21:46:31 UTC,https://civicdb.org/links/evidence_items/1012,https://civicdb.org/links/molecular_profiles/302,False
AREG Expression,311,Colorectal Cancer,9256.0,,Panitumumab,,Predictive,Supports,B,Sensitivity/Response,"Prospectively planned retrospective biomarker study in archived tumor tissue from 323 patients from the PICCOLO trial (panitumumab plus irinotecan in CRC patients with KRAS wt). Tumors were classified as ""high expressor"" (either EREG or AREG mRNA level) or ""low expressor"" (neither EREG nor AREG in top tertile). For RAS wild-type patients with high ligand expression, median PFS was 8.3 [4.0-11.0] months (irinotecan with panitumumab) vs 4.4 [2.8-6.7] months (irinotecan alone); HR, 0.38 [95% CI, 0.24-0.61]; P < .001. In RAS wild-type patients with low ligand expression, median PFS was 3.2 [2.7-8.1] months (irinotecan with panitumumab) vs 4.0 [2.7-7.5] months (irinotecan); HR, 0.93 [95% CI, 0.64-1.37]; P = .73; interaction test results were significant [P = .01]). Results were less clear for response rate (interaction P = .17) and OS (interaction P = .11).",26867820,PubMed,,"Seligmann et al., 2016",,4,accepted,1020,,2023-01-09 21:46:32 UTC,https://civicdb.org/links/evidence_items/1020,https://civicdb.org/links/molecular_profiles/311,False
EREG EXPRESSION,314,Colorectal Cancer,9256.0,,Panitumumab,,Predictive,Supports,B,Sensitivity/Response,"Prospectively planned retrospective biomarker study in archived tumor tissue from 323 patients from the PICCOLO trial (panitumumab plus irinotecan in CRC patients with KRAS wt). Tumors were classified as ""high expressor"" (either EREG or AREG mRNA level) or ""low expressor"" (neither EREG nor AREG in top tertile). For RAS wild-type patients with high ligand expression, median PFS was 8.3 [4.0-11.0] months (irinotecan with panitumumab) vs 4.4 [2.8-6.7] months (irinotecan alone); HR, 0.38 [95% CI, 0.24-0.61]; P < .001. In RAS wild-type patients with low ligand expression, median PFS was 3.2 [2.7-8.1] months (irinotecan with panitumumab) vs 4.0 [2.7-7.5] months (irinotecan); HR, 0.93 [95% CI, 0.64-1.37]; P = .73; interaction test results were significant [P = .01]). Results were less clear for response rate (interaction P = .17) and OS (interaction P = .11).",26867820,PubMed,,"Seligmann et al., 2016",,4,accepted,1021,,2023-01-09 21:46:32 UTC,https://civicdb.org/links/evidence_items/1021,https://civicdb.org/links/molecular_profiles/314,False
ERBB2 Amplification,302,Gastric Adenocarcinoma,3717.0,,Trastuzumab,,Predictive,Supports,B,Sensitivity/Response,"ToGA, a Phase III study (NCT01041404) addressed use of trastuzumab in HER2 positive advanced gastric cancer, where chemotherapy using fluoropyrimidine-based and platinum-based combinations had been common practice. Patients were given a chemotherapy regime containing capecitabine, flourouracil and cisplatin with (n=298) or without (n=296) trastuzumab, and had not been previously treated for metastatic cancer. Study endpoint was overall survival, which was significantly different in the two populations (13.8 months with chemotherapy + trastuzumab and 11.1 months for chemotherapy alone). The authors conclude that trastuzumab should be a standard option for HER2 positive advanced gastric cancer.",20728210,PubMed,,"Bang et al., 2010",NCT01041404,4,accepted,1022,Somatic,2023-01-09 21:46:31 UTC,https://civicdb.org/links/evidence_items/1022,https://civicdb.org/links/molecular_profiles/302,False
ERBB2 Amplification,302,Her2-receptor Positive Breast Cancer,60079.0,,"Docetaxel,Trastuzumab,Pertuzumab",Combination,Predictive,Supports,B,Sensitivity/Response,"CLEOPATRA (NCT00567190) was a Phase III, randomized and double-blind, placebo-controlled study of 808 patients with HER2-positive metastatic breast cancer. Patients were HER2-positive by IHC3+ or FISH, and patients who had received prior hormonal treatment or adjuvant/neo-adjuvant therapy with or without trastuzumab for longer than 12 months before randomization were also eligible. The two arms of the study were trastuzumab and docetaxel with either placebo or pertuzumab. Median PFS in the placebo arm was 12.4 months while in the petuzumab arm 18.5 months was achieved. Median OS in the control arm was 40.8 months and 56.5 months with pertuzumab. These strong results make a case for dual antibody blockade in first line treatments of HER2-positive metastatic breast cancer.",25693012,PubMed,,"Swain et al., 2015",NCT00567190,5,accepted,1077,Somatic,2023-01-09 21:46:31 UTC,https://civicdb.org/links/evidence_items/1077,https://civicdb.org/links/molecular_profiles/302,False
FCGR3A F212V,453,Her2-receptor Positive Breast Cancer,60079.0,,Trastuzumab,,Predictive,Does Not Support,B,Sensitivity/Response,1325 HER2-positive breast cancer patients treated with trastuzumab and chemotherapy from the N9831 clinical trial were analyzed. There was no statistically significant difference in disease-free survival between trastuzumab-treated patients who had the FCGR3A 158 V/V high-affinity genotype and patients without that genotype (V/F and F/F).,24989892,PubMed,,"Norton et al., 2014",,4,accepted,1087,Common Germline,2023-10-06 16:12:06 UTC,https://civicdb.org/links/evidence_items/1087,https://civicdb.org/links/molecular_profiles/453,False
FCGR2A H167R,452,Her2-receptor Positive Breast Cancer,60079.0,,Trastuzumab,,Predictive,Does Not Support,B,Sensitivity/Response,1325 HER2-positive breast cancer patients treated with trastuzumab and chemotherapy from the N9831 clinical trial were analyzed. There was no statistical difference in disease-free survival between trastuzumab-treated patients who had the FCGR2A 131 H/H high-affinity genotype and patients without that genotype.,24989892,PubMed,,"Norton et al., 2014",,4,accepted,1088,Common Germline,2023-10-06 16:12:38 UTC,https://civicdb.org/links/evidence_items/1088,https://civicdb.org/links/molecular_profiles/452,False
PML::RARA Fusion,108,Acute Promyelocytic Leukemia,60318.0,,"Tretinoin,Arsenic Trioxide",Combination,Predictive,Supports,A,Sensitivity/Response,ATRA/Arsenic combined with standard chemotherapy has been shown to induce a complete remission rate of greater than 75% of patients with acute promyelocytic leukemia harboring the PML-RARa fusion.,11704842,PubMed,,"Degos et al., 2001",,5,accepted,1091,Somatic,2023-01-09 21:46:28 UTC,https://civicdb.org/links/evidence_items/1091,https://civicdb.org/links/molecular_profiles/108,False
ERBB2 Amplification,302,Her2-receptor Positive Breast Cancer,60079.0,,"Neratinib,Trastuzumab",Sequential,Predictive,Supports,A,Sensitivity/Response,"In this two arm, Phase III study (NCT00878709) of the efficacy of a 12 month course of the TKI neratinib after trastuzumab-based adjuvant therapy of early stage HER2-positive breast cancer was assessed using invasive disease-free survival as primary endpoint. HER2 positivity was assessed via FISH. At 2 year follow-up, 70 vs. 109 disease-free survival events had occurred and disease-free survival rates were 93.9% vs. 91.6% (significant) in neratinib vs. placebo groups respectively. Distant disease-free survival and time to distant recurrence were similar in both groups. These results are an interesting contrast to results of long-term adjuvant therapy with trastuzumab (HERA) which did not show significant benefit.",26874901,PubMed,,"Chan et al., 2016",NCT00878709,4,accepted,1113,Somatic,2023-01-09 21:46:32 UTC,https://civicdb.org/links/evidence_items/1113,https://civicdb.org/links/molecular_profiles/302,False
ERBB2 Amplification,302,Her2-receptor Positive Breast Cancer,60079.0,,Trastuzumab,,Predictive,Supports,A,Sensitivity/Response,"HERA was a Phase III trial assessing application of trastuzumab in an extended adjuvant setting. Patients were HER2 positive with completely excised invasive BC, node positive or negative, and having undergone prior adjuvant or neo-adjuvant chemotherapy. In the 3 arm study patients were given trastuzumab courses of 1 year, 2 years, or untreated. At the first planned interim analysis, trastuzumab treatment for one year was compared with observation alone. A significant difference in disease-free survival was seen with 220 DFS events out of 1693 in the observation arm versus 127 DFS events out of 1694 in the 1 year trastuzumab arm. 1 year adjuvant trastuzumab is currently the standard of care.",16236737,PubMed,,"Piccart-Gebhart et al., 2005",NCT00045032,4,accepted,1122,Somatic,2023-01-09 21:46:31 UTC,https://civicdb.org/links/evidence_items/1122,https://civicdb.org/links/molecular_profiles/302,False
ERBB2 Amplification,302,Her2-receptor Positive Breast Cancer,60079.0,,"Lapatinib,Capecitabine",Combination,Predictive,Supports,B,Sensitivity/Response,"This Phase III trial took patients with locally advanced or metastatic HER2 (ERBB2) positive breast cancer that had progressed on prior trastuzumab treatment. Patients were given capecitabine (n=161) or lapatinib plus capecitabine (n=163). The primary endpoint of the study was time to progression. Median time to progression was 4.4 months in the capecitabine group and 8.4 months in capecitabine plus lapatinib group (hazard ratio was 0.49 ; 95% confidence interval, 0.34 to 0.71; P<0.001). The results indicated that lapatinib may be useful in addressing the problem of trastuzumab progression in HER2 breast cancer.",17192538,PubMed,,"Geyer et al., 2006",NCT00078572,4,accepted,1132,Somatic,2023-01-09 21:46:31 UTC,https://civicdb.org/links/evidence_items/1132,https://civicdb.org/links/molecular_profiles/302,False
ERBB2 Amplification,302,Her2-receptor Positive Breast Cancer,60079.0,,"Capecitabine,Trastuzumab",Combination,Predictive,Supports,B,Sensitivity/Response,"In this Phase III trial, trastuzumab-based treatment was assessed in women with locally advanced or metastatic HER2 positive breast cancer who had progressed on trastuzumab. Patients had 12 weeks or greater previous trastuzumab treatment with time since end of last cycle less than 6 weeks. Primary endpoint was time to progression. 78 patients were assigned to each group, with median time to progression of 5.6 months in capecitabine group and 8.2 months in trastuzumab plus capecitabine group. The results are in contrast to the principle of change of treatment on disease progression, and authors suggest that chemotherapy-sensitizing mechanisms of trastuzumab remain intact in HER2 breast cancer cells with trastuzumab progression.",19289619,PubMed,,"von Minckwitz et al., 2009",,4,accepted,1133,Somatic,2023-01-09 21:46:31 UTC,https://civicdb.org/links/evidence_items/1133,https://civicdb.org/links/molecular_profiles/302,False
ERBB2 Amplification,302,Her2-receptor Positive Breast Cancer,60079.0,,Trastuzumab Emtansine,,Predictive,Supports,B,Sensitivity/Response,"The Phase III trial, TH3RESA (NCT01419197), was performed in patients with advanced HER2 breast cancer that was heavily pretreated. Patients were required to have prior exposure to trastuzumab and lapatinib as well as a taxane. This patient population has not seen many studies, responds poorly to late-line treatment with trastuzumab, and in this study was treated with trastuzumab emtansine (T-DM1, n=404) vs. physician's choice (usually trastuzumab plus chemotherapy, n=198). Results showed progression free survival was 6.2 months in T-DM1 treatment vs. 3.3 months under physician's choice, along with lower incidence of grade 3 or worse events with T-DM1. The authors conclude that their findings in this heavily pretreated population, along with findings in the EMILIA trial, indicate promise for antibody-drug conjugates. The NCI-MATCH trial with further study T-DM1 in the context of HER2 amplification.",24793816,PubMed,,"Krop et al., 2014",NCT01419197,4,accepted,1159,Somatic,2023-01-09 21:46:31 UTC,https://civicdb.org/links/evidence_items/1159,https://civicdb.org/links/molecular_profiles/302,False
ERBB2 Amplification,302,Her2-receptor Positive Breast Cancer,60079.0,,Trastuzumab Emtansine,,Predictive,Supports,B,Sensitivity/Response,"The EMILIA study (NCT00829166) was a Phase II trial to assess the efficacy of trastuzumab emtansine (T-DM1, n=495) in comparison to lapatinib plus capecitabine (n=496), in treatment of advanced HER2 positive breast cancer. Patients were required to have progressed on or after treatments involving trastuzumab and a taxane, and no prior exposure to lapatinib or T-DM1. Primary endpoints included independently assessed progression free survival (PFS) and safety. PFS was 9.6 months in T-DM1 group vs. 6.4 months in lapatinib plus capecitabine. Rates of adverse events of grade 3 or higher were greater with lapatinib plus capecitabine. These results, together with other trials such as TH3RESA indicate promise for T-DM1 therapy in HER2 amplification, and this will be further studied in an arm of the NCI-MATCH trial.",23020162,PubMed,,"Verma et al., 2012",NCT00829166,4,accepted,1160,Somatic,2023-01-09 21:46:31 UTC,https://civicdb.org/links/evidence_items/1160,https://civicdb.org/links/molecular_profiles/302,False
CD274 Expression,272,Lung Non-small Cell Carcinoma,3908.0,,"Atezolizumab,Nivolumab,Pembrolizumab,Avelumab",Substitutes,Predictive,Supports,B,Sensitivity/Response,"Meta-Analysis of PD-L1 (CD274) Expression Status in 914 patients (7 studies) and response to PD-1/PD-L1 monoclonal antibodies. Patients with PD-L1 positive tumors (PD-L1 tumor cell staining ‚â•1%), had a significantly higher ORR, compared to patients with PD-L1 negative tumors (OR: 2.44; 95% CIs: 1.61-3.68).",26918451,PubMed,,"Passiglia et al., 2016",,4,accepted,1167,,2023-01-09 21:46:31 UTC,https://civicdb.org/links/evidence_items/1167,https://civicdb.org/links/molecular_profiles/272,False
CD274 Expression,272,Lung Non-small Cell Carcinoma,3908.0,,Atezolizumab,,Predictive,Supports,B,Sensitivity/Response,"Exploratory biomarker analysis from a phase-II randomized trial comparing atezolizumab (PD-L1) and docetaxel in previously treated, advanced or metastatic non-small cell lung cancer. Baseline PD-L1 expression (IHC) was assessed in tumour cells (as percentage of PD-L1-expressing tumour cells TC3‚â•50%, TC2‚â•5% and <50%, TC1‚â•1% and <5%, and TC0<1%) and tumour-infiltrating immune cells (as percentage of tumour area: IC3‚â•10%, IC2‚â•5% and <10%, IC1‚â•1% and <5%, and IC0<1%). Increasing PD-L1 Expression was associated with improved overall survival (TC3 or IC3 HR 0¬∑49 [0¬∑22-1¬∑07; p=0¬∑068], TC2/3 or IC2/3 HR 0¬∑54 [0¬∑33-0¬∑89; p=0¬∑014], TC1/2/3 or IC1/2/3 HR 0¬∑59 [0¬∑40-0¬∑85; p=0¬∑005], TC0 and IC0 HR 1¬∑04 [0¬∑62-1¬∑75; p=0¬∑871]) but not progression free survival or overall response rate.",26970723,PubMed,,"Fehrenbacher et al., 2016",NCT01903993,4,accepted,1172,,2023-01-09 21:46:31 UTC,https://civicdb.org/links/evidence_items/1172,https://civicdb.org/links/molecular_profiles/272,False
v::ALK Fusion,495,Lung Non-small Cell Carcinoma,3908.0,,Ceritinib,,Predictive,Supports,B,Sensitivity/Response,"Updated results from ASCEND-1 trial assessing safety and activity of ceritinib in ALK rearranged locally advanced or metastatic NSCLC. 255 patients were enrolled and received at least one dose of ceritinib 750 mg/day, of whom 246 had ALK-rearranged NSCLC (Median follow-up: 11.1 months). Overall response rate was 72% [95% CI 61-82] of 83 ALK inhibitor-naive patients and 56% [49-64] of 163 ALK inhibitor-pretreated patients. Median duration of response was 17¬∑0 months (95% CI 11.3-non-estimable [NE]) in ALK inhibitor-naive patients and 8.3 months (6.8-9.7) in ALK inhibitor-pretreated patients. Median progression-free survival was 18.4 months (95% CI 11.1-NE) in ALK inhibitor-naive patients and 6.9 months (5.6-8.7) in ALK inhibitor-pretreated patients. Brain metastases control was reported in 79% [95% CI 54-94] of 19 ALK inhibitor-naive patients and in 65% [54-76] of 75 ALK inhibitor-pretreated patients.",26973324,PubMed,,"Kim et al., 2016",NCT01283516,4,accepted,1175,Somatic,2023-01-09 21:46:34 UTC,https://civicdb.org/links/evidence_items/1175,https://civicdb.org/links/molecular_profiles/495,False
v::ALK Fusion,495,Lung Non-small Cell Carcinoma,3908.0,,Crizotinib,,Predictive,Supports,A,Sensitivity/Response,"In the Phase I study PROFILE 1001 (NCT00585195), a recommended crizotinib dose of 250 mg twice daily for 28 day cycles was established. Among 1,500 advanced NSCLC patients who were screened for ALK-rearrangement using a break-apart FISH assay, 82 patients were eligible for crizotinib treatment. Overall response rate was 57%, with 46 partial responses and one complete response. Since crizotinib inhibits MET, 33 patients with available tissue were screened for MET amplification and were found negative, further indicating that patient response was due to ALK inhibition. 31 patients were tested via RT-PCR for known EML4-ALK fusions, and 13 were shown to have EML4-ALK variant 1, four cases had variant 3, and one instance of variants 2, 3b and 5 were seen. 9 were unidentified, suggesting other fusion partners in these instances.",20979469,PubMed,,"Kwak et al., 2010",NCT00585195,5,accepted,1187,Somatic,2023-01-09 21:46:34 UTC,https://civicdb.org/links/evidence_items/1187,https://civicdb.org/links/molecular_profiles/495,False
v::ALK Fusion,495,Lung Non-small Cell Carcinoma,3908.0,,Crizotinib,,Predictive,Supports,A,Sensitivity/Response,"This two arm Phase III study named PROFILE 1007 (NCT00932893) was performed to assess crizotinib vs. established chemotherapy in non-small cell lung cancer patients positive for ALK rearrangement (assessed by break-apart FISH) with locally advanced or metastatic disease. 347 patients with disease progression after one round of platinum-based chemotherapy were randomized to receive crizotinib (N=173) or chemotherapy (N=174) consisting of pemetrexed in pemetrexed-naive patients and docetaxel for patients previously treated with pemetrexed. The primary endpoint - progression free survival (PFS) - was found to be significantly better for patients treated with crizotinib (median 7.7 months) than with chemotherapy (median 3.0 months) (hazard ratio for disease progression or death with crizotinib, 0.49; 95% CI, 0.37 to 0.64; P<0.001). Response rates were 65% for crizotinib treatment and 20% for chemotherapy (P<0.001). Improvements in quality of life were also reported.",23724913,PubMed,,"Shaw et al., 2013",NCT00932893,5,accepted,1198,Somatic,2023-01-09 21:46:34 UTC,https://civicdb.org/links/evidence_items/1198,https://civicdb.org/links/molecular_profiles/495,False
v::ALK Fusion,495,Lung Non-small Cell Carcinoma,3908.0,,Crizotinib,,Predictive,Supports,A,Sensitivity/Response,"This phase 3 trial named PROFILE 1014 (NCT01154140) compared crizotinib to established chemotherapy in first-line treatment for this disease. The study consisted of 343 patients with advanced or metastatic NSCLC that tested positive for ALK rearrangement via break-apart FISH assay, and had no prior systemic treatment. Patients were assigned in a 1:1 ratio to crizotinib (N=172) or pemetrexed with cisplatin or carboplatin (N=171). Progression free survival was significantly longer with crizotinib treatment than chemotherapy (10.9 vs. 7.0 months; hazard ratio for progression or death with crizotinib, 0.45; 95% CI, 0.35 to 0.60;P<0.001), and objective response rate was higher with crizotinib treatment than chemotherapy (75% vs. 45%, P<0.001). Improvement in quality of life was also reported.",25470694,PubMed,,"Solomon et al., 2014",NCT01154140,5,accepted,1199,Somatic,2023-01-09 21:46:34 UTC,https://civicdb.org/links/evidence_items/1199,https://civicdb.org/links/molecular_profiles/495,False
v::ALK Fusion,495,Lung Non-small Cell Carcinoma,3908.0,,Crizotinib,,Predictive,Supports,B,Sensitivity/Response,"This retrospective study of patients from the PROFILE 1001 and 1005 studies of crizotinib in advanced ALK-rearranged NSCLC assessed the potential benefit of crizotinib beyond progressive disease (CBPD), defined as continuation of crizotinib for 3 or more weeks after disease progression on crizotinib. 194 patients who had developed PD by data cutoff were studied, where 120 received crizotinib for a median duration of 19.4 weeks and 74 discontinued crizotinib after PD. No gross imbalances in clinicopathologic features of the two groups were evident. Significantly longer overall survival was observed in the crizotinib continuing group from time of PD (16.4 vs. 3.9 months; hazard ratio 0.27, 95% CI: 0.17‚Äì0.42; P < 0.0001), and from the time of initial crizotinib (29.6 vs. 10.8 months; HR 0.30, 95% CI: 0.19‚Äì0.46; P < 0.0001).",24478318,PubMed,,"Ou et al., 2014",,4,accepted,1200,Somatic,2023-01-09 21:46:34 UTC,https://civicdb.org/links/evidence_items/1200,https://civicdb.org/links/molecular_profiles/495,False
v::ALK Fusion,495,Lung Non-small Cell Carcinoma,3908.0,Brain neoplasm,Crizotinib,,Predictive,Supports,B,Sensitivity/Response,"This prospective Phase III study named Profile 1014 on NSCLC ALK-rearranged patients assessed intracranial disease control rate (IC-DCR) in the subset of patients entering the study with preexisting treated brain metastasis (tBM). IC-DCR was significantly improved in the tBM group given crizotinib (N=39) over chemotherapy (pemetrexed + cisplatin or carboplatin; N=40) at 12 weeks (85% vs. 45%, P<0.001), and at 24 weeks (56% vs. 25%, P=0.006). Progression free survival was also significantly improved with crizotinib over chemotherapy in the tBM subgroup (9.0 vs. 4.0 months; HR 0.40; P<0.001), where in the intent to treat population it was 10.9 vs. 7.0 months (HR 0.45; P<0.001), indicating that the difficult to treat BM population obtained benefit from crizotinib at both the brain and systemic level.",27022118,PubMed,,"Solomon et al., 2016",NCT01154140,4,accepted,1201,Somatic,2023-01-09 21:46:34 UTC,https://civicdb.org/links/evidence_items/1201,https://civicdb.org/links/molecular_profiles/495,False
KIT Exon 9 Mutation,505,Gastrointestinal Stromal Tumor,9253.0,,Imatinib,,Predictive,Supports,A,Sensitivity/Response,"In a phase III clinical trial comparing different doses of imatinib in GIST patients, KIT exon 9 mutations were associated with significantly improved progression free survival (P=0.0013) and a 61% relative risk reduction in response to the higher dose regimen (N=31; 800mg/daily) when compared to the lower dose regimen (N=27; 400 mg/daily; HR 0.329; 95% CI 0.218‚Äì0.706). The same dose dependent responses were not observed with KIT exon 11 mutations (N=130 vs 118; P=0.25; HR 0.821; 95% CI 0.585‚Äì1.151) or with wild-type KIT (N=25 vs 27; P=0.07; HR 1.823; 95% CI 0.938‚Äì3.543).",16624552,PubMed,,"Debiec-Rychter et al., 2006",,4,accepted,1221,Somatic,2023-03-02 22:26:54 UTC,https://civicdb.org/links/evidence_items/1221,https://civicdb.org/links/molecular_profiles/505,False
ALK Mutation,508,Lung Non-small Cell Carcinoma,3908.0,,Ceritinib,,Predictive,Supports,B,Sensitivity/Response,"In a phase 1 clinical trial (NCT01283516) 130 patients with advanced cancers all harboring ALK alterations were treated with ceritinib. Of 114 NSCLC patients treated with at least 400 mg/daily ceritinib, 1 had a complete response, 65 had a partial response, 25 had stable disease, 12 had progressive disease, and 11 withdrew from the study early. Ceritinib dosed at 400 mg or higher had similar results in patients who had or had not received prior crizotinib treatment. Overall response rate for patients with prior crizotinib treatment (83 out of 122) was 56% with median progression free survival of 6.9 months. For patients who had no prior crizotinib treatment, median progression free survival was 10.4 months.",24670165,PubMed,,"Shaw et al., 2014",NCT01283516,4,accepted,1237,Somatic,2023-01-09 21:46:35 UTC,https://civicdb.org/links/evidence_items/1237,https://civicdb.org/links/molecular_profiles/508,False
NPM1::ALK Fusion,509,Anaplastic Large Cell Lymphoma,50744.0,,Crizotinib,,Predictive,Supports,B,Sensitivity/Response,"In the second part of this Phase I study NCT00939770, nine patients between the ages of 12 months and 22 years with anaplastic large cell lymphoma (ALCL), who were refractory to treatment and for whom no further known treatments were available, were treated with crizotinib. Six patients with detectable NPM-ALK transcript levels responded with partial response, 1 with complete response, and 1 with stable disease. Crizotinib was well tolerated in these children.",23598171,PubMed,,"Moss√© et al., 2013",NCT00939770,4,accepted,1241,Somatic,2023-01-09 21:46:35 UTC,https://civicdb.org/links/evidence_items/1241,https://civicdb.org/links/molecular_profiles/509,False
v::ALK Fusion,495,Lung Non-small Cell Carcinoma,3908.0,,Alectinib,,Predictive,Supports,B,Sensitivity/Response,"In this Phase I trial (NCT01588028) in 47 patients, alectinib was assessed for its effectiveness in treating locally advanced or metastatic ALK-positive NSCLC that had progressed or been resistant to crizotinib treatment. ALK rearrangement was assessed via approved break apart FISH kit, and patients with asymptomatic CNS metastases were also included. Patients were divided into different cohorts receiving different doses of alectinib. In the 600 mg cohort (N=13), ten were assessable, and there were 4 confirmed partial responses, 3 unconfirmed partial responses and 3 instances of stable disease. Also, five of nine patients throughout the cohorts with measurable baseline CNS lesions showed partial response to alectinib. Cerebrospinal fluid levels of alectinib increased linearly with blood alectinib levels, indicating it effectively crossed the blood-brain barrier.",25153538,PubMed,,"Gadgeel et al., 2014",NCT01588028,4,accepted,1279,Somatic,2023-01-09 21:46:34 UTC,https://civicdb.org/links/evidence_items/1279,https://civicdb.org/links/molecular_profiles/495,False
v::ALK Fusion,495,Lung Non-small Cell Carcinoma,3908.0,,Alectinib,,Predictive,Supports,A,Sensitivity/Response,"In this Phase II trial of 87 patients (NCT01871805), alectinib was assayed for safety and efficacy in ALK positive NSCLC that had progressed on crizotinib. Of 69 patients with measurable disease, 35 achieved objective response, with median duration of response 13.5 months. Of 16 patients with measurable CNS disease, four achieved CNS complete response and 8 showed CNS partial response. median duration of CNS response was 11.1 months. 2 deaths were observed, and 1 was judged related to study treatment.",26708155,PubMed,,"Shaw et al., 2016",NCT01871805,5,accepted,1282,Somatic,2023-01-09 21:46:34 UTC,https://civicdb.org/links/evidence_items/1282,https://civicdb.org/links/molecular_profiles/495,False
PIK3CA Mutation,307,Her2-receptor Positive Breast Cancer,60079.0,,Everolimus,,Predictive,Supports,B,Sensitivity/Response,"Archival tumor samples from 549 patients from the BOLERO-1 and -3 trials were analyzed for alterations in the PI3K pathway using next-generation sequencing, immunohistochemistry (IHC) and Sanger sequencing. In the BOLERO trials, patients with HER2-overexpressing advanced breast cancer were treated with trastuzumab, chemotherapy and randomized to receive either everolimus or placebo. In the pooled analysis of both trials, patients with PI3K mutations had longer progression-free survival with everolimus compared to placebo (HR 0.67 95%CI 0.45 to 1.00, P=0.05) whereas patients with PI3K wild type status did not benefit significantly (HR 1.1, 95%CI 0.83 to 1.46, P=0.5). The same was found when PI3K mutations, PTEN loss and AKT E17K mutations were combinedly analyzed as hyperactive PI3K pathway. Patients with PI3K hyperactive pathway had a hazard ratio of 0.67 (95%CI 0.48 to 0.93, P=0.02) compared to HR 1.19 (95%CI 0.87 to 1.62, P=0.28) in patients with PI3K normal pathway. These trends were independently confirmed in both trials but only pooled results showed consistent statistical significance.",27091708,PubMed,,"Andr√© et al., 2016",,4,accepted,1296,Somatic,2023-01-09 21:46:32 UTC,https://civicdb.org/links/evidence_items/1296,https://civicdb.org/links/molecular_profiles/307,False
PTEN Loss,214,Her2-receptor Positive Breast Cancer,60079.0,,Everolimus,,Predictive,Supports,B,Sensitivity/Response,"Archival tumor samples from 549 patients from the BOLERO-1 and -3 trials were analyzed for alterations in the PI3K pathway using next-generation sequencing, immunohistochemistry (IHC) and Sanger sequencing. In the BOLERO trials, patients with HER2-overexpressing advanced breast cancer were treated with trastuzumab, chemotherapy and randomized to receive either everolimus or placebo. In the pooled analysis of both trials, patients with PTEN loss (as defined by IHC staining intensity and proportion of positive tumor cells) had a longer progression-free survival with everolimus compared to placebo (HR 0.54 (95%CI 0.31 to 0.96, P=0.04) whereas patients with PTEN normal status had a hazard ration of 1.00 (95%CI 0.8 to 1.26, P=0.97). The same was found when PI3K mutations, PTEN loss and AKT E17K mutations were combined and analyzed as hyperactive PI3K pathway. Patients with PI3K hyperactive pathway had a hazard ratio of 0.67 (95%CI 0.48 to 0.93, P=0.02) compared to HR 1.19 (95%CI 0.87 to 1.62, P=0.28) in patients with PI3K normal pathway. These trends were independently confirmed in both trials but only pooled results showed consistent statistical significance.",27091708,PubMed,,"Andr√© et al., 2016",,4,accepted,1297,Somatic,2023-01-09 21:46:30 UTC,https://civicdb.org/links/evidence_items/1297,https://civicdb.org/links/molecular_profiles/214,False
BRCA1 Mutation,185,Cancer,162.0,,Olaparib,,Predictive,Supports,B,Sensitivity/Response,"In this phase 1 trial, 60 patients with advanced solid tumors (ovarian, breast, colorectal, melanoma, sarcoma, prostate) were treated with PARP inhibitor olaparib. Durable antitumor activity was only observed in BRCA1/2 mutation carriers. 19 BRCA carriers had ovarian, breast, or prostate cancers; 12 of these (63%) had a clinical benefit from treatment with olaparib: radiologic or tumor-marker responses or meaningful disease stabilization (stable disease for a period of 4 months or more). Nine BRCA carriers had a response according to RECIST, with the response sustained for more than 76 weeks in one patient. No responses were seen in patients without BRCA mutation.",19553641,PubMed,,"Fong et al., 2009",NCT00516373,4,accepted,1370,Rare Germline,2023-05-05 21:15:48 UTC,https://civicdb.org/links/evidence_items/1370,https://civicdb.org/links/molecular_profiles/185,False
BRCA2 Mutation,186,Cancer,162.0,,Olaparib,,Predictive,Supports,B,Sensitivity/Response,"In this phase 1 trial 60 patients with advanced solid tumors (ovarian, breast, colorectal, melanoma, sarcoma, prostate) were treated with PARP inhibitor olaparib. Durable antitumor activity was only observed in BRCA1/2 mutation carriers.19 BRCA carriers had ovarian, breast, or prostate cancers; 12 of these (63%) had a clinical benefit from treatment with olaparib: radiologic or tumor-marker responses or meaningful disease stabilization (stable disease for a period of 4 months or more). Nine BRCA carriers had a response according to RECIST, with the response sustained for more than 76 weeks in one patient. No responses were seen in patients without BRCA mutation.",19553641,PubMed,,"Fong et al., 2009",NCT00516373,4,accepted,1371,Rare Germline,2023-05-05 21:15:38 UTC,https://civicdb.org/links/evidence_items/1371,https://civicdb.org/links/molecular_profiles/186,False
BCR::ABL1 Fusion AND ABL1 T315I,4373,Chronic Myeloid Leukemia,8552.0,,Ponatinib,,Predictive,Supports,B,Sensitivity/Response,"Study describes a phase 1 clinical trial of ponatinib in treatment of 81 refractory Philadelphia chromosome-positive leukemias. 43 of these patients were considered to have chronic-phase CML. All 12 chronic-phase CML patients with a T315I mutation showed a complete hematologic response. Furthermore, 91% of these patients were estimated to remain in response at 1 year (95% CI, Kaplan-Meier analysis).",23190221,PubMed,,"Cortes et al., 2012",NCT00660920,4,accepted,1390,Somatic,2023-03-30 22:48:04 UTC,https://civicdb.org/links/evidence_items/1390,https://civicdb.org/links/molecular_profiles/4373,False
BRAF V600E,12,Melanoma,1909.0,,Vemurafenib,,Predictive,Supports,B,Sensitivity/Response,The BRIM-3 Phase III trial NCT01006980 assessed BRAF inhibitor vemurafenib versus dacarbazine in 598 patients with treatment naive metastatic melanoma and confirmed V600E mutation. Significant differences were seen in overall survival (13.3 months with vemurafenib vs. 10.0 months with dacarbazine) and median progression free survival (6.9 months with vemurafenib vs. 1.6 months with dacarbazine),24508103,PubMed,,"McArthur et al., 2014",NCT01006980,5,accepted,1398,Somatic,2023-01-09 21:46:24 UTC,https://civicdb.org/links/evidence_items/1398,https://civicdb.org/links/molecular_profiles/12,False
BRAF V600K,559,Melanoma,1909.0,,Vemurafenib,,Predictive,Supports,B,Sensitivity/Response,"In the Phase III study of vemurafenib versus dacarbazine BRIM-3 (NCT01006980) in metastatic melanoma, 57 patients were confirmed to have V600K mutation. In this subgroup of treatment-naive patients, significant differences were seen in overall survival (14.5 months with vemurafenib vs. 7.6 months with dacarbazine), as well as median progression free survival (5.9 months with vemurafenib vs. 1.7 months with dacarbazine).",24508103,PubMed,,"McArthur et al., 2014",NCT01006980,4,accepted,1399,Somatic,2023-01-09 21:46:35 UTC,https://civicdb.org/links/evidence_items/1399,https://civicdb.org/links/molecular_profiles/559,False
BRAF V600E,12,Colorectal Cancer,9256.0,,Vemurafenib,,Predictive,Does Not Support,B,Sensitivity/Response,"In this Phase II pilot study (NCT00405587) of BRAF V600 inhibitor vemurafenib in 21 metastatic colorectal cancer (CRC) patients with BRAF V600E, one patient had a durable 21 week partial response, and seven patients had 8 week stable disease as best response. Median progression free survival was 2.1 months and median overall survival was 7.7 months. The authors conclude that single agent vemurafenib did not show meaningful activity in V600E CRC, in contrast to the significant vemurafenib activity against V600 in melanoma.",26460303,PubMed,,"Kopetz et al., 2015",NCT00405587,4,accepted,1405,Somatic,2023-01-09 21:46:24 UTC,https://civicdb.org/links/evidence_items/1405,https://civicdb.org/links/molecular_profiles/12,False
BRAF V600,17,Melanoma,1909.0,Brain neoplasm,Dabrafenib,,Predictive,Supports,B,Sensitivity/Response,"In the NCT00880321 trial using mutant BRAF inhibitor dabrafenib in solid tumors, 10 cases of melanoma brain metastases were assessed for dabrafenib response. In nine patients a decrease in size of metastases was seen, and in four cases a complete resolution of brain lesions was observed. This subset of patients had median progression free survival of 4.2 months.",22608338,PubMed,,"Falchook et al., 2012",NCT00880321,4,accepted,1407,Somatic,2023-01-09 21:46:25 UTC,https://civicdb.org/links/evidence_items/1407,https://civicdb.org/links/molecular_profiles/17,False
BRAF V600E,12,Skin Melanoma,8923.0,,Vemurafenib,,Predictive,Supports,A,Sensitivity/Response,"Phase 3 randomized clinical trial comparing vemurafenib with dacarbazine in 675 patients with previously untreated, metastatic melanoma with the BRAF V600E mutation. At 6 months, overall survival was 84% (95% confidence interval [CI], 78 to 89) in the vemurafenib group and 64% (95% CI, 56 to 73) in the dacarbazine group. A relative reduction of 63% in the risk of death and of 74% in the risk of either death or disease progression was observed with vemurafenib as compared with dacarbazine (P<0.001 for both comparisons).",21639808,PubMed,,"Chapman et al., 2011",NCT01006980,5,accepted,1409,Somatic,2023-01-09 21:46:24 UTC,https://civicdb.org/links/evidence_items/1409,https://civicdb.org/links/molecular_profiles/12,False
BRAF V600,17,Skin Melanoma,8923.0,,"Dabrafenib,Trametinib",Combination,Predictive,Supports,A,Sensitivity/Response,"The Combi-v (NCT01597908) open-label, randomized phase 3 trial had 704 patients with metastatic melanoma with a BRAF V600 mutation. Patients were randomized to receive either a combination of dabrafenib and trametinib or vemurafenib orally as first-line therapy. At preplanned interim analysis the overall survival rate at 12 months was 72% (95% confidence interval [CI], 67 to 77) in the combination-therapy group and 65% (95% CI, 59 to 70) in the vemurafenib group (hazard ratio for death in the combination-therapy group, 0.69; 95% CI, 0.53 to 0.89; P=0.005). Median progression-free survival was 11.4 months in the combination-therapy group and 7.3 months in the vemurafenib group (hazard ratio, 0.56; 95% CI, 0.46 to 0.69; P<0.001). Cutaneous squamous-cell carcinoma and keratoacanthoma occurred at 1% with combination-therapy and 18% in the vemurafenib group.",25399551,PubMed,,"Robert et al., 2015",NCT01597908,5,accepted,1411,Somatic,2023-01-09 21:46:25 UTC,https://civicdb.org/links/evidence_items/1411,https://civicdb.org/links/molecular_profiles/17,False
BRAF V600E,12,Melanoma,1909.0,,"Cobimetinib,Vemurafenib",Combination,Predictive,Supports,B,Sensitivity/Response,"In this Phase III trial (coBRIM, NCT01689519) of 495 V600 mutant melanoma patients, 344 had V600E mutation. 174 patients were treated with vemurafenib and placebo, and 170 were treated with vemurafenib and cobimetinib and tested for progression free survival. 88 of 174 monotherapy group patients had an event with median progression free survival of 6.5 months. In the combination group 58 of 174 patients had an event with median progression-free survival not met, however, when in combination with other V600 mutations median progression-free survival was 9.9 months with combination treatment. Median time to followup for the whole cohort was 7.3 months. Hazard Ratio for progression or death was 0.57 (0.41-0.80).",25265494,PubMed,,"Larkin et al., 2014",NCT01689519,4,accepted,1421,Somatic,2023-01-09 21:46:25 UTC,https://civicdb.org/links/evidence_items/1421,https://civicdb.org/links/molecular_profiles/12,False
BRAF V600,17,Melanoma,1909.0,,"Vemurafenib,Cobimetinib",Combination,Predictive,Supports,B,Sensitivity/Response,"In a randomized phase 3 study, previously untreated advanced or metastatic BRAF V600 mutation-positive melanoma patients treated with combination vemurafenib and cobimetinib showed improved progression free survival (9.9 vs 6.2 months), increased rate of complete or partial response (68% vs 45%), and improved overall survival at 9 months ( 81% vs 73%) compared to the vemurafenib and placebo control group.",25265494,PubMed,,"Larkin et al., 2014",NCT01689519,4,accepted,1422,Somatic,2023-01-09 21:46:25 UTC,https://civicdb.org/links/evidence_items/1422,https://civicdb.org/links/molecular_profiles/17,False
ERBB2 Amplification,302,Her2-receptor Positive Breast Cancer,60079.0,,"Pertuzumab,Docetaxel,Trastuzumab",Combination,Predictive,Supports,B,Sensitivity/Response,"In a randomized phase 3 trial, HER2 positive metastatic breast cancer patients given first-line treatment of pertuzumab plus trastuzumb plus docetaxel experienced improved progression free survival (18.5 vs 12.4 months, P<0.001) and increased objective response rate (80.2% vs 69.3%, P=0.001) than the control group given placebo plus trastuzumab plus docetaxel.",22149875,PubMed,,"Baselga et al., 2012",NCT00567190,4,accepted,1437,Somatic,2023-01-09 21:46:31 UTC,https://civicdb.org/links/evidence_items/1437,https://civicdb.org/links/molecular_profiles/302,False
ERBB2 Amplification,302,Her2-receptor Positive Breast Cancer,60079.0,,"Trastuzumab,Lapatinib",Combination,Predictive,Supports,B,Sensitivity/Response,"In a randomized open label phase 3 study (NCT00553358), women with HER2 positive primary breast cancer treated with lapatinib plus trasuzumab had higher rates of pathological complete responses than seen in control groups receiving either IV trastuzumab or oral lapatinib alone (combination treatment pCR rate of 51% vs 29.5% and 24.7% for trastuzumab and lapatinib alone, respectively).",22257673,PubMed,,"Baselga et al., 2012",NCT00553358,4,accepted,1439,Somatic,2023-01-09 21:46:31 UTC,https://civicdb.org/links/evidence_items/1439,https://civicdb.org/links/molecular_profiles/302,False
FIP1L1::PDGFRA Fusion,570,"Myeloid And Lymphoid Neoplasms With Eosinophilia And Abnormalities Of PDGFRA, PDGFRB, And FGFR1",80164.0,,Imatinib,,Predictive,Supports,B,Sensitivity/Response,A cohort of seven male patients with myeloproliferative hypereosinophilic syndrome and elevated serum tryptase levels were enrolled in a study of imatinib mesylate therapy. All seven patients demonstrated improvement in clinical symptoms and resolution of laboratory abnormalities and bone marrow pathology in response to treatment. Complete molecular remission of FIP1L1-PDGFRA was observed in 5 of 6 patients tested post-therapy.,14504092,PubMed,,"Klion et al., 2004",,4,accepted,1441,Somatic,2023-01-09 21:46:35 UTC,https://civicdb.org/links/evidence_items/1441,https://civicdb.org/links/molecular_profiles/570,False
CALR EXON 9 FRAMESHIFT,555,Essential Thrombocythemia,2224.0,,Peginterferon Alfa-2a,,Predictive,Supports,B,Sensitivity/Response,"Study explored the hematologic and molecular responses in a cohort of 31 patients presenting with thrombocythemia and CALR exon 9 frameshift mutations. All 31 patients exhibited a hematologic response at the time of followup (European LeukemiaNet criteria). In regards to molecular response, before treatment the CALR mutant allele displayed a median frequency of 41% across the cohort, during treatment a significant decrease was observed in comparison to controls treated with hydroxyurea and aspirin.",26486786,PubMed,,"Verger et al., 2015",,4,accepted,1482,Somatic,2023-01-09 21:46:35 UTC,https://civicdb.org/links/evidence_items/1482,https://civicdb.org/links/molecular_profiles/555,False
v::PDGFRB Fusion,564,Myeloproliferative Neoplasm,2226.0,,Imatinib,,Predictive,Supports,A,Sensitivity/Response,"Twelve patients with BCR-ABL-negative chronic myeloproliferative disease and reciprocal translocations involving PDGFRB received imatinib for a median of 47 months (range, 0.1-60 months). Eleven had prompt responses, 10 had complete resolution of cytogenetic abnormalities and decrease or disappearance of fusion transcripts as measured by reverse transcriptase-polymerase chain reaction (RT-PCR). Updates were sought from 8 further patients previously described in the literature; prompt responses were described in 7 and persist in 6.",16960151,PubMed,,"David et al., 2007",,4,accepted,1498,Somatic,2023-01-09 21:46:35 UTC,https://civicdb.org/links/evidence_items/1498,https://civicdb.org/links/molecular_profiles/564,False
ERBB2 Amplification,302,Gastric Adenocarcinoma,3717.0,,Trastuzumab,,Predictive,Supports,A,Sensitivity/Response,"ToGA, a Phase III study (NCT01041404) addressed use of trastuzumab in HER2 positive (overexpression or amplification) advanced gastric cancer, where chemotherapy using fluoropyrimidine-based and platinum-based combinations had been common practice. Patients were given a chemotherapy regime containing capecitabine, flourouracil and cisplatin with (n=298) or without (n=296) trastuzumab, and had not been previously treated for metastatic cancer. Study endpoint was overall survival, which was significantly different in the two populations (13.8 months with chemotherapy + trastuzumab and 11.1 months for chemotherapy alone). The authors conclude that trastuzumab should be a standard option for HER2 positive advanced gastric cancer.",20728210,PubMed,,"Bang et al., 2010",NCT01041404,4,accepted,1499,,2023-01-09 21:46:31 UTC,https://civicdb.org/links/evidence_items/1499,https://civicdb.org/links/molecular_profiles/302,False
ESR1 Overexpression,603,Breast Cancer,1612.0,,"Palbociclib,Letrozole",Combination,Predictive,Supports,B,Sensitivity/Response,"A phase 2 clinical trial evaluated 165 patients with oestrogen receptor positive and HER2-negative breast cancer such that 84 patients received combination therapy of palbociclib plus letrozole and 81 patients received letrozole alone. The combination therapy arm had higher median duration of progression-free survival when compared to the letrozole only group (20.2 months vs. 10.2 months; p<0.0004). A subcategory of patients taking combination therapy, who lacked mutations in p16 or CCND1 (n=34), had an even higher median free survival of 26.1 months. Noticeable side effects in the combination therapy group included neutropenia (54%) leucopenia (19%), fatigue (4%) back pain (2%), diarrhea (2%) and pulmonary embolism (4%).",25524798,PubMed,,"Finn et al., 2015",NCT00721409,4,accepted,1541,,2023-01-09 21:46:36 UTC,https://civicdb.org/links/evidence_items/1541,https://civicdb.org/links/molecular_profiles/603,False
EGFR Expression,350,Colorectal Cancer,9256.0,,Cetuximab,,Predictive,Supports,B,Sensitivity/Response,"Patients with refractory colorectal cancer expressing immunohistochemically detectable EGFR were randomly assigned to receive treatment with cetuximab (n=287) or receive supportive care alone (n=285). Patients receiving cetuximab had increased overall survival (HR=0.77, 95%CI 0.64-0.92; p=0.005), increased progression-free survival (HR=0.68, 95%CI 0.57-0.80; p<0.001), and improved quality of life at 4 months measured by survey on physical deterioration (-5.9 vs -12.5; p=0.03) and global health status (-3.6 vs. -15.2; p<0.001).",18003960,PubMed,,"Jonker et al., 2007",NCT00079066,4,accepted,1572,,2023-01-09 21:46:32 UTC,https://civicdb.org/links/evidence_items/1572,https://civicdb.org/links/molecular_profiles/350,False
EGFR T790M,34,Lung Non-small Cell Carcinoma,3908.0,,Osimertinib,,Predictive,Supports,A,Sensitivity/Response,Osimertinib has been approved for the treatment of EGFR T790M mutant NSCLC.,26729184,PubMed,,"Greig, 2016",,5,accepted,1592,Somatic,2023-01-09 21:46:26 UTC,https://civicdb.org/links/evidence_items/1592,https://civicdb.org/links/molecular_profiles/34,False
ERBB2 Amplification,302,Colorectal Cancer,9256.0,,"Trastuzumab,Lapatinib",Combination,Predictive,Supports,B,Sensitivity/Response,"Phase 2 study in 27 patients with HER2 positive (IHC, FISH), KRAS wt metastatic colorectal cancer refractory to standard of care received trastuzumab and lapatinib. After a median follow-up of 94 weeks, eight (30%, 95% CI 14-50) of 27 patients had achieved an objective response, with one patient (4%, 95% CI -3 to 11) achieving a complete response, and seven (26%, 95% CI 9-43) achieving partial responses; 12 (44%, 95% CI 25-63) patients had stable disease. A total of 914 patients with KRAS wt were screened for this study, 48 patients (5%) were identified to have HER2-positive tumors.",27108243,PubMed,,"Sartore-Bianchi et al., 2016",,4,accepted,1689,,2023-01-09 21:46:31 UTC,https://civicdb.org/links/evidence_items/1689,https://civicdb.org/links/molecular_profiles/302,False
KIT D816V,65,Systemic Mastocytosis,349.0,,Midostaurin,,Predictive,Supports,B,Sensitivity/Response,"In a phase II clinical trial, 60% of patients (N=89) with advanced systemic mastocytosis responded to treatment with midostaurin.",27355533,PubMed,,"Gotlib et al., 2016",NCT00782067,4,accepted,1725,Somatic,2023-01-09 21:46:26 UTC,https://civicdb.org/links/evidence_items/1725,https://civicdb.org/links/molecular_profiles/65,False
EGFR Mutation,438,Lung Non-small Cell Carcinoma,3908.0,,Afatinib,,Predictive,Supports,B,Sensitivity/Response,"In the LUX-LUNG 7 trial, (NCT01466660) stage IIIB or IV NSCLC patients with EGFR exon 19 deletion, (n=186) Leu858Arg mutation, (n=132) or both (n=1) were divided into equal groups and treated with first line reversible EGFR inhibitor gefitinib or irreversible pan-ErbB family inhibitor afatinib in order to obtain a direct comparison of these two approved first line treatments. Significant difference was seen in objective response with 70% of cases with afatinib vs. 56% of cases with gefitinib. Median progression free survival was 11.0 months (10.6-12.9) with afatinib and 10.9 months (9.1-11.5) with gefitinib, HR 0.73 [0.57-0.95] p=0.017.",27083334,PubMed,,"Park et al., 2016",NCT01466660,4,accepted,1728,Somatic,2023-01-09 21:46:34 UTC,https://civicdb.org/links/evidence_items/1728,https://civicdb.org/links/molecular_profiles/438,False
BRAF V600E,12,Melanoma,1909.0,,Vemurafenib,,Predictive,Supports,B,Sensitivity/Response,"Multicenter, phase 1, dose-escalation trial of PLX4032 (Vemurafenib). Treatment of metastatic melanoma with PLX4032 in patients with tumors that carry the V600E BRAF mutation resulted in complete or partial tumor regression in the majority of patients (N=37/48). Patients without the V600E mutation had evidence of tumor regression.",20818844,PubMed,,"Flaherty et al., 2010",,4,accepted,1749,Somatic,2023-01-09 21:46:25 UTC,https://civicdb.org/links/evidence_items/1749,https://civicdb.org/links/molecular_profiles/12,False
MTHFR A222V,254,Rectum Cancer,1993.0,,Fluorouracil,,Predictive,Supports,B,Sensitivity/Response,"Patients with the wild type (C/C) MTHFR gene are 2.91 times (95% CI: [1.23, 6.89]) more likely to have a positive response to neoadjuvant CRT and 3.25 times more likely not to experience relapse (95% CI: [1.37, 7.72]) than patients with the heterozygous MTHFR [rs1801133 (C>T)] mutation or the homzygous (T/T).",26693073,PubMed,,"Nikas et al., 2015",,4,accepted,1757,Common Germline,2023-01-09 21:46:30 UTC,https://civicdb.org/links/evidence_items/1757,https://civicdb.org/links/molecular_profiles/254,False
ERBB2 Amplification,302,Her2-receptor Positive Breast Cancer,60079.0,,Trastuzumab Emtansine,,Predictive,Supports,B,Sensitivity/Response,"In the single arm Phase II study (TDM4258g) breast cancer patients who had progressed on previous anti-HER2 therapy were given transtuzumab emtansine (T-DM1), a HER2 monoclonal antibody and antimicrotubule drug conjugate. 95 trial participants with archival primary tumor were reassessed for HER2 status (positivity defined by FISH or IHC 3+), and 74 patients were confirmed for HER2 positivity and 21 were normal. Overall response rate was 33.8% (95% CI, 23.2% to 44.9%) in patients with confirmed HER2-positive tumors and 4.8% (95% CI, 1.0% to 21.8%) in HER2 normal patients. Median PFS was 8.2 months (95% CI, 4.4 months to not estimable) in patients with confirmed HER2-positive tumors and 2.6 months (95% CI, 1.4 to 3.9 months) in HER2 normal patients.",21172893,PubMed,,"Burris et al., 2011",,4,accepted,1764,Somatic,2023-01-09 21:46:31 UTC,https://civicdb.org/links/evidence_items/1764,https://civicdb.org/links/molecular_profiles/302,False
EGFR T790M,34,Lung Non-small Cell Carcinoma,3908.0,,Osimertinib,,Predictive,Supports,A,Sensitivity/Response,"Randomized, international, open-label, phase 3 trial (NCT02151981) in 419 patients with T790M-positive advanced NSCLC and disease progression after first-line EGFR-TKI therapy. Patients were randomized, in a 2:1 ratio, to oral osimertinib or chemotherapy (pemetrexed plus either carboplatin or cisplatin every 3 weeks for up to six cycles, maintenance pemetrexed was allowed). Primary end point was PFS, which was significantly longer with osimertinib than with chemotherapy (10.1 months vs. 4.4 months; HR 0.30; 95% CI: 0.23 to 0.41; P<0.001). Objective response rate was significantly better with osimertinib (71%; 95% CI, 65 to 76) than with chemotherapy (31%; 95% CI, 24 to 40) (odds ratio for objective response, 5.39; 95% CI, 3.47 to 8.48; P<0.001).",27959700,PubMed,,"Mok et al., 2017",NCT02151981,5,accepted,1867,Somatic,2023-01-09 21:46:26 UTC,https://civicdb.org/links/evidence_items/1867,https://civicdb.org/links/molecular_profiles/34,False
BRAF V600E,12,Colorectal Cancer,9256.0,,"Vemurafenib,Cetuximab,Irinotecan",Combination,Predictive,Supports,B,Sensitivity/Response,"Phase 1b study of vemurafenib, cetuximab and irinotecan in 19 patients with colorectal cancer (1 with appendiceal cancer). Six of 17 evaluable patients achieved an objective response, 15 patients total had either stable disease or radiographic response (the patient with appendiceal cancer had disease progression). Estimated median PFS was 7.7 months. Effect of the combined treatment was also observed in xenograft and cell line studies.",27729313,PubMed,,"Hong et al., 2016",NCT01787500,4,accepted,1902,Somatic,2023-01-09 21:46:24 UTC,https://civicdb.org/links/evidence_items/1902,https://civicdb.org/links/molecular_profiles/12,False
EGFR Mutation,438,Lung Non-small Cell Carcinoma,3908.0,,Gefitinib,,Predictive,Supports,B,Sensitivity/Response,"This open label Phase 3 Trial performed across 36 centers in Japan (WJTOG3405) assessed patients with postoperative recurrent or stage IIIB/IV NSCLC and activating EGFR mutations (Exon 19 deletion and L858R). 88 patients were treated with EGFR inhibitor gefitinib, while 89 were treated with cisplatin/docetaxel. Progression free survival was significantly longer with gefitinib treatment with a median of 9.2 months vs. 6.3 with cisplatin/docetaxel (HR 0.48; 95% CI 0.336-0.710; p<0.0001). Difference in response to gefitinib between the two EGFR mutation types was not observed.",20022809,PubMed,,"Mitsudomi et al., 2010",,5,accepted,1937,Somatic,2023-01-09 21:46:34 UTC,https://civicdb.org/links/evidence_items/1937,https://civicdb.org/links/molecular_profiles/438,False
EGFR Mutation,438,Lung Non-small Cell Carcinoma,3908.0,,"Erlotinib,Gefitinib",Substitutes,Predictive,Supports,B,Sensitivity/Response,"In a retrospective study, 166 non-small cell lung cancer (NSCLC) patients that tended to have selected characteristics known to be predictive for TKI sensitivity (i.e. women, never smokers, and patients with ADC) were treated with either gefitinib or erlotinib. EGFR mutations (n=42) were associated with improved objective response to drug treatment (71.4% vs. 20.1%, p<0.0001), improved but not significant overall survival (36.9 vs. 24.8 months, p=0.09), and longer median time to progression (not reached vs. 3.7 months, p<0.0001) when compared to wild-type EGFR. Through multivariate analyses, it was shown that EGFR mutations are independent predictive favorable factors of response to drug treatment (p<0.0001) and are significant predictors of longer time to progression (HR: 0.27, 95% CI: 0.14-0.52, p=0.0001)",21258250,PubMed,,"Ludovini et al., 2011",,4,accepted,2053,Somatic,2023-01-09 21:46:34 UTC,https://civicdb.org/links/evidence_items/2053,https://civicdb.org/links/molecular_profiles/438,False
BRAF V600E,12,Melanoma,1909.0,,Trametinib,,Predictive,Supports,B,Sensitivity/Response,"In a study of 322 advanced melanoma patients with BRAF-V600E (N=281), BRAF-V600K (N=40), or both mutations (N=1), treatment with trametinib was associated with improved progression-free survival (4.8mo vs. 1.5mo; HR: 0.45, 95% CI: 0.33-0.63, P<0.001) compared to chemotherapy control group. Additionally, treatment with trametinib was associated with increased 6-month overall survival (HR: 0.54, 95% CI: 0.32-0.92, P=0.01). The authors note similar outcomes for the primary efficacy population (V600E only) and the intention-to-treat population.",22663011,PubMed,,"Flaherty et al., 2012",NCT01245062,4,accepted,2135,Somatic,2023-01-09 21:46:25 UTC,https://civicdb.org/links/evidence_items/2135,https://civicdb.org/links/molecular_profiles/12,False
EGFR Mutation,438,Lung Non-small Cell Carcinoma,3908.0,,Gefitinib,,Predictive,Supports,B,Sensitivity/Response,"In a phase 3 clinical trial of East Asian advanced pulmonary adenocarcinoma patients, a subset of patients with EGFR mutations (n=261) treated with gefitinib were associated with improved response (HR:0.48, 95% CI:0.36-0.64, P<0.001), compared to carboplatin plus paclitaxel treatment. The frequency of mutation in exon 19 deletion and L858R was 53.6% (140/261) and 42.5% (111/261), respectively.",19692680,PubMed,,"Mok et al., 2009",NCT00322452,5,accepted,2148,Somatic,2023-01-09 21:46:34 UTC,https://civicdb.org/links/evidence_items/2148,https://civicdb.org/links/molecular_profiles/438,False
EGFR Mutation,438,Lung Non-small Cell Carcinoma,3908.0,,Afatinib,,Predictive,Supports,B,Sensitivity/Response,"In a phase 2b/3 study of 585 stage IIIB-IV lung adenocarcinoma patients who had a previous round of EGFR-TKI treatment, archival material was available for 141 patients. EGFR mutational analysis revealed that 96 tumors had an EGFR mutation, of which 76 (79%) were positive for either L858R or a deletion in exon 19. These mutations were associated with improved progression-free survival (median 3.3 months vs 1.0 month ; HR:0.51, 95% CI:0.31-0.85, P<0.009) compared to placebo control. No difference was reported between the treatment groups for EGFR mutation negative subgroup.",22452896,PubMed,,"Miller et al., 2012",NCT00656136,4,accepted,2153,Somatic,2023-01-09 21:46:34 UTC,https://civicdb.org/links/evidence_items/2153,https://civicdb.org/links/molecular_profiles/438,False
KIT Exon 11 Mutation,66,Gastrointestinal Stromal Tumor,9253.0,,Imatinib,,Predictive,Supports,B,Sensitivity/Response,"This prospective study of 397 patients with incurable (i.e. metastatic or unresectable) CD117-positive Gastrointestinal stromal tumors (GISTs) examined the relationship between KIT genotype and treatment outcome for patients enrolled in the North American phase III study SWOG S0033/CALGB 150105 who were treated with either 400mg or 800mg of imatinib per day. The study found that patients whose tumors harbored mutations in KIT exon 11 had signficantly superior responses to imatinib, regardless of dose, than those whose tumors harbored wildtype KIT or KIT exon 9 mutations. This is evidenced by the findings that imatinib-treated patients whose tumors contained KIT exon 11 mutations had longer overall survival compared to those with exon 9 mutations (60.0mo vs.38.4mo, P=0.011) or wildtype KIT (60mo vs. 49.0mo, P=0.049). Patients with exon 11 mutations had improved progression-free survival in comparison to those with exon 9 mutations (24.7mo vs. 16.7mo, P=0.0013) or wildtype KIT (24.7mo vs. 12.8mo, P=0.005).",18955451,PubMed,,"Heinrich et al., 2008",,4,accepted,2471,Somatic,2023-01-09 21:46:26 UTC,https://civicdb.org/links/evidence_items/2471,https://civicdb.org/links/molecular_profiles/66,False
EGFR L858R,33,Lung Non-small Cell Carcinoma,3908.0,,Gefitinib,,Predictive,Supports,B,Sensitivity/Response,"In a phase 3 clinical trial of non-small cell lung cancer (NSCLC) patients, a subset of patients with EGFR mutations (n=44) treated with gefitinib were associated with improved progression free survival (HR: 0.16, 95% CI: 0.05-0.49, P=0.001), and a higher objective response rate (ORR: 42.1% vs 21.1%, p=0.04) compared to patients treated with docetaxel. Of the 44 patients, 22 had an exon 19 deletion, 16 had an L858R mutation, one patient had an exon 20 T790M mutation, two had an exon G719A mutation and four had other mutations.",20038723,PubMed,,"Douillard et al., 2010",NCT00076388,4,accepted,2621,Somatic,2023-01-09 21:46:25 UTC,https://civicdb.org/links/evidence_items/2621,https://civicdb.org/links/molecular_profiles/33,False
TP53 Overexpression,1280,Stomach Cancer,10534.0,,"Mitomycin,Cisplatin,Etoposide",Combination,Predictive,Supports,B,Sensitivity/Response,"In a Phase II trial of 25 patients with metastaic gastric cancer, patients received preoperative high dose chemotherapy (HDCT) consisting of etoposide, cisplatin and mitomycin. Patients with greater than 50% regression in response to HDCT received surgery. TP53 overexpression was assayed by immunohistochemistry. 14 patients showed p53 overexpression, and 12 of these qualified for resection. Overall survival in patients with p53 overexpression was 17.3 months in contrast to patients with negative p53 immunohistochemistry, where it was 7.2 months (p=0.0003).",14514923,PubMed,,"Bataille et al., 2003",,4,accepted,2799,,2023-01-09 21:46:44 UTC,https://civicdb.org/links/evidence_items/2799,https://civicdb.org/links/molecular_profiles/1280,False
RRM1 Underexpression,1231,Lung Non-small Cell Carcinoma,3908.0,,"Cisplatin,Gemcitabine",Combination,Predictive,Supports,B,Sensitivity/Response,"In the personalized therapy group of this study, patients received chemotherapy based on RRM-1 IHC expression levels, whereas the standard therapy group received non-customized chemotherapy. There were statistically significant improvements between the personalized therapy group versus the standard therapy group in disease control rate (82.9% vs 55.3%, P=0.004), and progression-free survival (median: 5.5 months vs 3.0 months, P=0.005). Besides, the overall survival had a tendency to become more prolonged (median: 16.0 months vs 12.4 months, P=0.286).",24595080,PubMed,,"Nie et al., 2013",,4,accepted,2905,,2023-01-09 21:46:44 UTC,https://civicdb.org/links/evidence_items/2905,https://civicdb.org/links/molecular_profiles/1231,False
NRAS Mutation,208,Skin Melanoma,8923.0,,Binimetinib,,Predictive,Supports,B,Sensitivity/Response,"NEMO is an ongoing, randomised, open-label phase 3 study of patients with advanced, unresectable, AJCC IIIC/IV NRAS-mutant melanoma. 402 patients that were previously untreated or progressed on or after previous immunotherapy were randomised to receive either binimetinib (269) or dacarbazine (133). The study's primary endpoint was progression free survival. Median follow-up was 1.7 months (IQR 1.4-4.1). Median progression-free survival was 2.8 months (95% CI 2.8-3.6) in the binimetinib group and 1.5 months (1.5-1.7) in the dacarbazine group, demonstrating improved progression-free survival of binimetinib compared with dacarbazine.",28284557,PubMed,,"Dummer et al., 2017",NCT01763164,5,accepted,2937,Somatic,2023-01-09 21:46:30 UTC,https://civicdb.org/links/evidence_items/2937,https://civicdb.org/links/molecular_profiles/208,False
EGFR L858R,33,Lung Non-small Cell Carcinoma,3908.0,,Erlotinib,,Predictive,Supports,A,Sensitivity/Response,"On May 14, 2013, the U.S. Food and Drug Administration approved erlotinib (Tarceva) for the first-line treatment of patients with metastatic non-small cell lung cancer (NSCLC) whose tumors have epidermal growth factor receptor (EGFR) exon 19 deletions or exon 21 (L858R) substitution mutations.",24868098,PubMed,,"Khozin et al., 2014",,5,accepted,2994,Somatic,2023-01-09 21:46:25 UTC,https://civicdb.org/links/evidence_items/2994,https://civicdb.org/links/molecular_profiles/33,False
EGFR Exon 19 Deletion,133,Lung Non-small Cell Carcinoma,3908.0,,Erlotinib,,Predictive,Supports,A,Sensitivity/Response,"On May 14, 2013, the U.S. Food and Drug Administration approved erlotinib (Tarceva) for the first-line treatment of patients with metastatic non-small cell lung cancer (NSCLC) whose tumors have epidermal growth factor receptor (EGFR) exon 19 deletions or exon 21 (L858R) substitution mutations.",24868098,PubMed,,"Khozin et al., 2014",,5,accepted,2995,Somatic,2023-01-09 21:46:28 UTC,https://civicdb.org/links/evidence_items/2995,https://civicdb.org/links/molecular_profiles/133,False
EGFR Exon 19 Deletion,133,Lung Non-small Cell Carcinoma,3908.0,,Afatinib,,Predictive,Supports,A,Sensitivity/Response,"Afatinib, an irreversible inhibitor of the ErbB family of tyrosine kinases has been approved in the US for the first-line treatment of patients with metastatic non-small-cell lung cancer (NSCLC) who have tumours with EGFR exon 19 deletions or exon 21 (L858R) substitution mutations as detected by a US FDA-approved test",23982599,PubMed,,"Dungo et al., 2013",,5,accepted,2996,Somatic,2023-01-09 21:46:28 UTC,https://civicdb.org/links/evidence_items/2996,https://civicdb.org/links/molecular_profiles/133,False
EGFR L858R,33,Lung Non-small Cell Carcinoma,3908.0,,Afatinib,,Predictive,Supports,A,Sensitivity/Response,"Afatinib, an irreversible inhibitor of the ErbB family of tyrosine kinases has been approved in the US for the first-line treatment of patients with metastatic non-small-cell lung cancer (NSCLC) who have tumours with EGFR exon 19 deletions or exon 21 (L858R) substitution mutations as detected by a US FDA-approved test",23982599,PubMed,,"Dungo et al., 2013",,5,accepted,2997,Somatic,2023-01-09 21:46:25 UTC,https://civicdb.org/links/evidence_items/2997,https://civicdb.org/links/molecular_profiles/33,False
BRAF V600E,12,Lung Non-small Cell Carcinoma,3908.0,,"Trametinib,Dabrafenib",Combination,Predictive,Supports,A,Sensitivity/Response,"Patients with BRAF V600E-mutant NSCLC (n=57) were enrolled into a phase 2, multicentre, non-randomised, open-label study, administering dabrafenib plus trametinib. The overall response rate was 36/57 (63.2%, [95% CI 49.3-75.6]) and the median progression-free survival was 9.7 months (95% CI 6.9-19.6). At data cutoff (11.6 months of follow-up), 18/36 (50%) confirmed responses were ongoing and 23/57 (40%) of patients had died.",27283860,PubMed,,"Planchard et al., 2016",NCT01336634,4,accepted,3017,Somatic,2023-01-09 21:46:25 UTC,https://civicdb.org/links/evidence_items/3017,https://civicdb.org/links/molecular_profiles/12,False
AKT1 E17K,4,Cancer,162.0,,Capivasertib,,Predictive,Supports,B,Sensitivity/Response,"AKT1 E17K mutations are oncogenic and occur in many cancers at a low prevalence. We performed a multihistology basket study of AZD5363. 58 patients with advanced solid tumors were treated. In patients with AKT1 E17K-mutant tumors (n = 52) and a median of 5 lines of prior therapy, the median PFS was 5.5 months , 6.6 months and 4.2 months in patients with ER+ breast, gynecologic, and other solid tumors, respectively. In an exploratory biomarker analysis, imbalance of the AKT1 E17K-mutant allele, most frequently caused by copy-neutral loss-of-heterozygosity targeting the wild-type allele, was associated with longer PFS as was the presence of coincident PI3K pathway hotspot mutations. Persistent declines in AKT1 E17K in cfDNA were associated with improved PFS and response. Responses were not restricted to patients with detectable AKT1 E17K in pretreatment cfDNA.",28489509,PubMed,,"Hyman et al., 2017",,4,accepted,3039,Somatic,2023-01-09 21:46:24 UTC,https://civicdb.org/links/evidence_items/3039,https://civicdb.org/links/molecular_profiles/4,False
PIK3CA Mutation,307,Cancer,162.0,,Capivasertib,,Predictive,Supports,B,Sensitivity/Response,"In a study of 37 patients with AKT1 (E13K) mutations, 5 patients harbored a concurrent PI3K/mTOR pathway alteration. The PFS of patients with a concurrent PI3K/mTOR pathway alteration was significantly longer than those without when treated with AZD-5363 (median PFS, not reached v 4.3 months, respectively; HR, 0.21; P = 0.045).",28489509,PubMed,,"Hyman et al., 2017",,4,accepted,3040,Somatic,2023-01-09 21:46:32 UTC,https://civicdb.org/links/evidence_items/3040,https://civicdb.org/links/molecular_profiles/307,False
BRAF V600E,12,Melanoma,1909.0,,Vemurafenib,,Predictive,Supports,B,Sensitivity/Response,"In a phase 2 clinical trial (NCT00949702) of 132 BRAF mutation positive metastatic melanoma patients treated with vemurafenib monotherapy, patients harboring BRAF V600E (n=123) or V600K (n=9) mutations were associated with a favorable objective response rate (53% per RECIST v1.1 criteria, 70/132), with 6% (8/132) and 47% (62/132) of patients achieving complete response and partial response, respectively.",23569304,PubMed,,"Trunzer et al., 2013",,4,accepted,3750,Somatic,2023-01-09 21:46:25 UTC,https://civicdb.org/links/evidence_items/3750,https://civicdb.org/links/molecular_profiles/12,False
BRAF V600E,12,Skin Melanoma,8923.0,,"Dabrafenib,Trametinib",Combination,Predictive,Supports,B,Sensitivity/Response,"In a clinical trial (NCT01597908) of 704 metastatic melanoma patients, patients harboring a BRAF V600E mutation and treated with vemurafenib (n=317) were associated with a 51% response rate, as compared to a 64% response rate (p<0.001) in V600E mutation positive patients treated with dabrafenib and trametinib combination therapy (n=312). Median progression-free survival was 11.4 months in the combination-therapy group and 7.3 months in the vemurafenib group (hazard ratio, 0.56; 95% CI, 0.46 to 0.69; P<0.001).",25399551,PubMed,,"Robert et al., 2015",NCT01597908,4,accepted,3758,Somatic,2023-01-09 21:46:25 UTC,https://civicdb.org/links/evidence_items/3758,https://civicdb.org/links/molecular_profiles/12,False
EGFR L858R OR EGFR Exon 19 Deletion,4432,Lung Adenocarcinoma,3910.0,,Erlotinib,,Predictive,Supports,B,Sensitivity/Response,"The phase 3 (EURTAC) study consisted of of 173 non-small cell lung cancer patients who had not had prior chemotherapy for metastatic disease (although adjuvant or neoadjuvant chemotherapy was permitted) and included 160 patients with lung adenocarcinoma subtype. The patients had EGFR mutations (exon 19 deletions or L858R), and improved progression-free survival was reported in the erlotinib treated cohort as compared to the cohort that was treated with standard chemotherapy (9.7mo vs. 5.2mo, HR:0.37, 95%CI:0.25-0.54, P<0.0001, univariate analysis; HR:0.35, 95%CI:0.23-0.52, P<0.0001, multivariate analysis).",22285168,PubMed,,"Rosell et al., 2012",NCT00446225,4,accepted,3791,Somatic,2024-02-13 22:05:31 UTC,https://civicdb.org/links/evidence_items/3791,https://civicdb.org/links/molecular_profiles/4432,False
EGFR Rare Exon 18-21 Mutation,1739,Lung Non-small Cell Carcinoma,3908.0,,"Gefitinib,Erlotinib",Substitutes,Predictive,Supports,B,Sensitivity/Response,"In a cohort of NSCLC patients treated with tyrosine kinase inhibitors erlotinib or gefitinib, 61 patients with uncommon mutations of unknown clinical significance (UMUCS) in EGFR exons 18-21 responded at a rate of 47.5% (primarily G719 and L861, N=30/61). This was significantly greater (p<0.001) than a response rate of 16.5% in EGFR wild type patients but significantly smaller (p<0.001) than a 74.1% response in EGFR mutant patients with canonical exon 19 deletion or L858R mutation. Uncommon mutations also had greater median PFS (5.0 vs. 2.0 months, P < 0.001) and median overall survival (15.0 vs. 10.4 months, P = 0.030) than in patients with the wild-type EGFR.",21531810,PubMed,,"Wu et al., 2011",,4,accepted,4755,Somatic,2023-01-09 21:46:51 UTC,https://civicdb.org/links/evidence_items/4755,https://civicdb.org/links/molecular_profiles/1739,False
EGFR L858R OR EGFR Exon 19 Deletion,4432,Lung Non-small Cell Carcinoma,3908.0,,"Gefitinib,Erlotinib",Substitutes,Predictive,Supports,B,Sensitivity/Response,"In a study of 1261 non-small cell lung cancer patients, 49.8% of the analyzed tumors had EGFR mutations including deletions in exon 19 (n=258), L858R (n=260), T790M (n=6) and insertions or duplications in exon 20 (n=25). Patients with EGFR deletions in exon 19 or L858R mutations were associated with an improved response to erlotinib or gefitinib with partial or complete response (74.1% vs. 16.5%, P<0.001) when compared to wildtype EGFR patients. Additionally, tumors with EGFR mutations in L858R or deletions in exon 19 were associated with increased overall survival (19.6mo vs. 10.4mo) compared to wildtype (all patients were treated with either erlotinib or gefitinib). From 61 patients with uncommon EGFR mutations of unknown clinical significance, 47.5% were responders in contrast to the 74.1% responders in the exon 19 deletion/L858R group.",21531810,PubMed,,"Wu et al., 2011",,4,accepted,4759,Somatic,2024-02-13 22:05:42 UTC,https://civicdb.org/links/evidence_items/4759,https://civicdb.org/links/molecular_profiles/4432,False
VHL Mutation,160,Renal Cell Carcinoma,4450.0,,Anti-VEGF Monoclonal Antibody,,Predictive,Does Not Support,B,Sensitivity/Response,"A meta-analysis to evaluate the association between the VHL alteration and clinical outcomes in patients with RCC. There were six studies including a total of 633 patients: 244 patients who received anti-VEGF therapy in the predictive value analysis and 419 in the prognostic value analysis. 410 (61.8%) had VHL alteration. The meta-analysis showed no association between the VHL gene alteration and ORR or PFS, as well as no correlation to OS. VEGFR inhibition included: Sunitinib, Sorafenib, Axitinib, Pazopanib, Bevacizumab.",28103578,PubMed,,"Kim et al., 2017",,4,accepted,4832,Somatic,2023-01-09 21:46:29 UTC,https://civicdb.org/links/evidence_items/4832,https://civicdb.org/links/molecular_profiles/160,False
v::ALK Fusion,495,Lung Non-small Cell Carcinoma,3908.0,,Brigatinib,,Predictive,Supports,B,Sensitivity/Response,"In a phase II randomized trial we evaluated two regimens of Brigatinib in Crizotinib-refractory ALK-pos. NSCLC. They were randomly assigned (1:1) to oral Brigatinib 90 mg once daily (arm A) or 180 mg once daily with a 7-day lead-in at 90 mg. Of 222 patients enrolled (arm A: n = 112, arm B: n = 110), 154 (69%) had baseline brain metastases and 164 of 222 (74%) had received prior chemotherapy. ORR was 45 (arm A) and 54% (B). Investigator-assessed median PFS was 9.2 months (A) and 12.9 months (B). Independent review committee-assessed intracranial ORR in patients with measurable brain metastases at baseline was 42% (11/26, A) and 67% (12/18, B). Brigatinib yielded substantial whole-body and intracranial responses as well as robust PFS; 180 mg (with lead-in) showed consistently better efficacy than 90 mg, with acceptable safety.",28475456,PubMed,,"Kim et al., 2017",,4,accepted,4835,Somatic,2023-01-09 21:46:34 UTC,https://civicdb.org/links/evidence_items/4835,https://civicdb.org/links/molecular_profiles/495,False
BRCA1 Loss-of-function,131,Breast Cancer,1612.0,,Talazoparib,,Predictive,Supports,B,Sensitivity/Response,"In part 2 of a two-part dose-escalation phase I trial (NCT01286987), 71 patients with Ewings sarcoma, breast, ovarian, small cell lung, or pancreatic cancers received 1.0 mg/day talazoparib treatment. Of patients with BRCA mutation-associated breast and ovarian cancers, confirmed responses were observed in 7 of 14 (50%) and 5 of 12 (42%) patients, respectively.",28242752,PubMed,,"de Bono et al., 2017",,4,accepted,4838,Rare Germline,2023-01-09 21:46:28 UTC,https://civicdb.org/links/evidence_items/4838,https://civicdb.org/links/molecular_profiles/131,False
BRCA2 Loss-of-function,132,Breast Cancer,1612.0,,Talazoparib,,Predictive,Supports,B,Sensitivity/Response,"In part 2 of a two-part dose-escalation phase I trial (NCT01286987), 71 patients with Ewings sarcoma, breast, ovarian, small cell lung, or pancreatic cancers received 1.0 mg/day talazoparib treatment. Of patients with BRCA mutation-associated breast and ovarian cancers, confirmed responses were observed in 7 of 14 (50%) and 5 of 12 (42%) patients, respectively.",28242752,PubMed,,"de Bono et al., 2017",,4,accepted,4839,Rare Germline,2023-01-09 21:46:28 UTC,https://civicdb.org/links/evidence_items/4839,https://civicdb.org/links/molecular_profiles/132,False
ERBB2 Overexpression,849,Her2-receptor Positive Breast Cancer,60079.0,,Trastuzumab Emtansine,,Predictive,Supports,B,Sensitivity/Response,"Trastuzumab emtansine has its indication for patients with HER2-positive metastatic breast cancer after therapy with Trastuzumab and Taxane, approval based on PFS and preliminary OS data. EMILIA was a randomised open-label, phase III study for patients with HER2-positive, unresectable, locally advanced, or metastatic breast cancer previously treated with Trastuzumab and a Taxane, randomized 1:1 to Trastuzumab-emtansine or Capecitabine plus Lapatinib. 991 patients were enrolled. Median OS was 29.9m vs. 25.9m. Fewer grade 3 or worse AE occurred with trastuzumab emtansine than with capecitabine plus lapatinib control treatment.",28526536,PubMed,,"Di√©ras et al., 2017",NCT00829166,4,accepted,4840,,2023-01-09 21:46:39 UTC,https://civicdb.org/links/evidence_items/4840,https://civicdb.org/links/molecular_profiles/849,False
v::ALK Fusion,495,Lung Non-small Cell Carcinoma,3908.0,,"Alectinib,Crizotinib",Substitutes,Predictive,Supports,B,Sensitivity/Response,"In a randomized, open-label phase 3 trial 303 patients with ALK-positive, previously untreated NSCLC (including asympt. CNS disease) were randomized to reiceive either Alectinib or Crizotinib. During a median follow-up of 17.6 months (crizotinib) and 18.6 months (alectinib), an event of disease progression/death occurred in 41% (62/152 pt) in the alectinib group and 68% (102/151 patients) in the crizotinib group. 12-month event-free survival rate 68.4% with alectinib vs. 48.7% with crizotinib. A total of 18 patients (12%) in the alectinib group had an event of CNS progression, compared to 68 patients (45%) in the crizotinib group. Response rates were 82.9% (Alectinib) and 75.5% (crizotinib).",28586279,PubMed,,"Peters et al., 2017",NCT02075840,5,accepted,4858,Somatic,2023-01-09 21:46:34 UTC,https://civicdb.org/links/evidence_items/4858,https://civicdb.org/links/molecular_profiles/495,False
EGFR L858R,33,Lung Non-small Cell Carcinoma,3908.0,,Dacomitinib,,Predictive,Supports,B,Sensitivity/Response,"The authors pooled patients with exon 19 deletion and L858R EGFR (Exon 21) mutations from both studies (The ARCHER 1009 (NCT01360554) and A7471028 (NCT00769067)) to compare the efficacy of dacomitinib to erlotinib. 121 patients with any EGFR mutation were enrolled, 101 had activating mutations in exon 19 or 21. For those (exon19/21), the median PFS was 14.6 months with dacomitinib and 9.6 months with erlotinib The median survival was 26.6 months with dacomitinib versus 23.2 months with erlotinib.",26768165,PubMed,,"Ramalingam et al., 2016","NCT00769067,NCT01360554,NCT01774721",5,accepted,4860,Somatic,2023-01-09 21:46:25 UTC,https://civicdb.org/links/evidence_items/4860,https://civicdb.org/links/molecular_profiles/33,False
KRAS Mutation,332,Lung Non-small Cell Carcinoma,3908.0,,Trametinib,,Predictive,Does Not Support,B,Sensitivity/Response,"In this phase II trial, trametinib or docetaxel was given to patients with advanced KRAS-mutant NSCLC. Median PFS was 12 weeks in the trametinib arm and 11 weeks in the docetaxel arm (HR 1.14; p = 0.5197). Median OS, while the data are immature, was 8 months in the trametinib arm and was not reached in the docetaxel arm (HR 0.97; P = 0.934). There were 10 (12%) partial responses (PRs) in the trametinib arm and 5 (12%) PRs in the docetaxel arm (P = 1.0000). These data suggest that trametinib is associated with similar PFS and response rates as docetaxel.",25722381,PubMed,,"Blumenschein et al., 2015",NCT01362296,4,accepted,4867,Somatic,2023-01-09 21:46:32 UTC,https://civicdb.org/links/evidence_items/4867,https://civicdb.org/links/molecular_profiles/332,False
KRAS Mutation,332,Lung Non-small Cell Carcinoma,3908.0,,"Erlotinib,Selumetinib",Combination,Predictive,Does Not Support,B,Sensitivity/Response,38 KRAS wild-type patients were randomized to erlotinib or combination of selumetinib with erlotinib. 41 KRAS mutant patients were randomized to selumetinib or the combination. The primary end points were progression-free survival (PFS) for the KRAS wild-type cohort and objective response rate (ORR) for the KRAS mutant cohort. Median PFS in the KRAS wild-type arm was 2.4 months for erlotinib alone and 2.1 months for the combination. The ORR in the KRAS mutant group was 0% for selumetinib alone and 10% for the combination. These data suggest no difference in ORR or PFS with combination therapy of over monotherapy in KRAS mutant and KRAS wild-type advanced NSCLC.,26802155,PubMed,,"Carter et al., 2016",NCT01229150,4,accepted,4868,Somatic,2023-01-09 21:46:32 UTC,https://civicdb.org/links/evidence_items/4868,https://civicdb.org/links/molecular_profiles/332,False
EGFR Gain-of-function,1641,Lung Non-small Cell Carcinoma,3908.0,,Gefitinib,,Predictive,Supports,B,Sensitivity/Response,"Study found somatic EGFR mutations localized to exons 19,21 in 8/9 patients who exhibited a response to Gefitinib treatment. Of these mutations 7/8 were localized near the ATP cleft Gefitinib targets, suggesting a specific gain-of-function mechanism. No EGFR mutations were observed in 7 patients with no response to Gefitinib. An expansion cohort independent of the Gefitinib study showed 2/25 patients harbored EGFR mutations. A second expansion independent of Gefitinib consisting of 95 tumors and 108 cell lines showed no mutations in exons 19,21.",15118073,PubMed,,"Lynch et al., 2004",,4,accepted,4931,Somatic,2023-01-09 21:46:49 UTC,https://civicdb.org/links/evidence_items/4931,https://civicdb.org/links/molecular_profiles/1641,False
KRAS Mutation,332,Lung Non-small Cell Carcinoma,3908.0,,"Docetaxel,Erlotinib",Substitutes,Predictive,Does Not Support,B,Sensitivity/Response,"222 EGFR-wt patients with advanced NSCLC were randomized to receive docetaxel or erlotinib In this study (4 patients not eligible, leaving 109 in each arm). KRAS was mutated in 25 and 26 out of 109 patients in the erlotinib and docetaxel arm, respectively. KRAS was neither prognostic nor predictive of benefit for either docetaxel or erlotinib.",26209642,PubMed,,"Rulli et al., 2015",NCT00637910,4,accepted,4996,Somatic,2023-01-09 21:46:32 UTC,https://civicdb.org/links/evidence_items/4996,https://civicdb.org/links/molecular_profiles/332,False
KRAS Mutation,332,Lung Non-small Cell Carcinoma,3908.0,,Docetaxel,,Predictive,Does Not Support,B,Sensitivity/Response,"Of the 275 patients assessable for KRAS mutation status, 49 (18%) were positive for KRAS mutation. There were no differences between treatments in OS, PFS, or response rates according to KRAS mutation status, and no evidence that KRAS mutation is a predictive factor for a differential survival effect between gefitinib and docetaxel.",20038723,PubMed,,"Douillard et al., 2010",NCT00076388,4,accepted,4997,Somatic,2023-01-09 21:46:32 UTC,https://civicdb.org/links/evidence_items/4997,https://civicdb.org/links/molecular_profiles/332,False
IDH2 Mutation,566,Acute Myeloid Leukemia,9119.0,,Enasidenib,,Predictive,Supports,A,Sensitivity/Response,"A first-in-human phase 1/2 trial assessing the pharmacology, safety and activity of Enasidenib in IDH2-mutant myeloid hematoblastosis patients. In the AML subgroup (n=176, (n=130 R140; n=45 R172; n=1 Other)) of included patients (n=239) the overall response rate was 40.3%, with median response duration of 5.8 months. Responses were associated with cellular differentiation and maturation, typically without evidence of aplasia. Median overall survival among relapsed/refractory patients was 9.3 months, and for the 34 patients (19.3%) with complete response was 19.7 months.",28588020,PubMed,,"Stein et al., 2017",NCT01915498,4,accepted,5069,Somatic,2023-01-09 21:46:35 UTC,https://civicdb.org/links/evidence_items/5069,https://civicdb.org/links/molecular_profiles/566,False
VHL Mutation,160,Renal Cell Carcinoma,4450.0,,Everolimus,,Predictive,Supports,B,Sensitivity/Response,"A randomized, open-label phase 2 study, encompassing 85 patients, to compare the efficacy of dual PIK3/mTOR Inhibitor Apitolisib and mTORC1 inhibitor Everolimus in patients who progressed on or after antiangiogenetic therapy (VEGFR). There was a trend towards association between deleterious VHL alterations and progression-free-survival in the Everolimus arm only.",26951309,PubMed,,"Powles et al., 2016",NCT01442090,4,accepted,5323,Somatic,2023-01-09 21:46:29 UTC,https://civicdb.org/links/evidence_items/5323,https://civicdb.org/links/molecular_profiles/160,False
ERBB2 Mutation,662,Breast Cancer,1612.0,,Neratinib,,Predictive,Supports,B,Sensitivity/Response,"16 patients with HER2-mutated metastatic breast cancer were treated with neratinib monotherapy. Of these 16 patients, 14 had known-activating mutations and 2 had mutations of unknown significance. Five of the 16 patients achieved clinical benefit including 1 complete response (6%), 1 partial response (6%) and 3 with stable disease >24 weeks (19%). Clinical benefit was observed across different HER2 mutations including L755S, V777_G778 insGSP, P780_Y781 insGSP, V842I, S310F, and L869R.",28679771,PubMed,,"Ma et al., 2017",,4,accepted,5338,Somatic,2023-01-09 21:46:37 UTC,https://civicdb.org/links/evidence_items/5338,https://civicdb.org/links/molecular_profiles/662,False
RRM1 Underexpression,1231,Lung Non-small Cell Carcinoma,3908.0,,Gemcitabine,,Predictive,Supports,B,Sensitivity/Response,"In this study, 229 tumors were analyzed for RRM1 expression. This resulted in 146 that were negative for RRM1 expression and 83 that were positive. These tumors were studied for a relationship between RRM1 expression and chemotherapy regimens, gemcitabine, docetaxel and carboplatin, and vinorelbine and carboplatin. In the patients receiving gemcitabine treatment, the progression-free survival of RRM1-negative patients was significantly higher than that of RRM1-positive patients (8.8 months vs. 7.6 months, P = 0.01). The patients that were positive for RRM1 expression, had a better response to docetaxel or vinorelbine treatment than gemcitabine (P=0.047 and P=0.047). However, there were no differences of response to docetaxel and vinorelbine in regards to RRM1 expression.",24647522,PubMed,,"Dong et al., 2014",,4,accepted,5530,,2023-01-09 21:46:44 UTC,https://civicdb.org/links/evidence_items/5530,https://civicdb.org/links/molecular_profiles/1231,False
CD274 Expression,272,Lung Non-small Cell Carcinoma,3908.0,,Pembrolizumab,,Predictive,Supports,B,Sensitivity/Response,PD-L1 expression in at least 50% of tumor cells correlated with improved efficacy of pembrolizumab.,25891174,PubMed,,"Garon et al., 2015",NCT01295827,4,accepted,5811,,2023-01-09 21:46:31 UTC,https://civicdb.org/links/evidence_items/5811,https://civicdb.org/links/molecular_profiles/272,False
BRCA1 Loss-of-function,131,Her2-receptor Negative Breast Cancer,60080.0,,Olaparib,,Predictive,Supports,B,Sensitivity/Response,"302 patients (234 with progression events) with HER2-negative metastatic breast cancer and with a confirmed deleterious or suspected deleterious germline BRCA mutation (164 BRCA1, 129 BRCA2) had significantly improved progression-free survival and better response rate to olaparib (PARP inhibitor) than standard therapy (7.0 mo vs 4.2 mo, hazard ratio 0.58, 95% CI 0.43-0.8) in this randomized phase 3 trial (NCT02000622). For BRCA1 patients specifically, the hazard ratio was 0.54, 95% CI 0.37-0.79).",28578601,PubMed,,"Robson et al., 2017",NCT02000622,5,accepted,5815,Rare Germline,2023-01-09 21:46:28 UTC,https://civicdb.org/links/evidence_items/5815,https://civicdb.org/links/molecular_profiles/131,False
BRCA1 Mutation,185,Her2-receptor Negative Breast Cancer,60080.0,,Olaparib,,Predictive,Supports,B,Sensitivity/Response,"Randomized, open-label, phase 3 trial in which olaparib monotherapy was compared with standard therapy in patients with a germline BRCA mutation HER2‚Äìnegative metastatic breast cancer. 205 patients were assigned to receive olaparib and 97 were assigned to receive standard therapy. Median progression-free survival was significantly longer in the olaparib group than in the standard-therapy group (7.0 months vs. 4.2 months; hazard ratio 0.58; 95%CI 0.43 to 0.80; P<0.001). A response to treatment occurred in 100 of the 167 patients who had measurable disease in the olaparib group (59.9%; 95% CI, 52.0 to 67.4) and in 19 of the 66 patients in the standard-therapy group (28.8%; 95% CI, 18.3 to 41.3). A complete response was seen in 9.0% of the patients who had measurable disease in the olaparib group and in 1.5% in the standard-therapy group.",28792849,PubMed,,2017,,4,accepted,5830,Rare Germline,2023-01-09 21:46:29 UTC,https://civicdb.org/links/evidence_items/5830,https://civicdb.org/links/molecular_profiles/185,False
BRCA2 Mutation,186,Breast Cancer,1612.0,,Olaparib,,Predictive,Supports,B,Sensitivity/Response,"Randomized, open-label, phase 3 trial in which olaparib monotherapy was compared with standard therapy in patients with a germline BRCA mutation HER2‚Äìnegative metastatic breast cancer. 205 patients were assigned to receive olaparib and 97 were assigned to receive standard therapy. Median progression-free survival was significantly longer in the olaparib group than in the standard-therapy group (7.0 months vs. 4.2 months; hazard ratio 0.58; 95%CI 0.43 to 0.80; P<0.001). A response to treatment occurred in 100 of the 167 patients who had measurable disease in the olaparib group (59.9%; 95% CI, 52.0 to 67.4) and in 19 of the 66 patients in the standard-therapy group (28.8%; 95% CI, 18.3 to 41.3). A complete response was seen in 9.0% of the patients who had measurable disease in the olaparib group and in 1.5% in the standard-therapy group.",28792849,PubMed,,2017,,4,accepted,5831,Rare Germline,2023-01-09 21:46:29 UTC,https://civicdb.org/links/evidence_items/5831,https://civicdb.org/links/molecular_profiles/186,False
MET Overexpression,617,Stomach Carcinoma,5517.0,,Rilotumumab,,Predictive,Does Not Support,B,Sensitivity/Response,"In this randomised, double-blind, placebo-controlled phase 3 trial, 609 patients with MET+ (expression of at least 1+ intensity on 25% or more tumor cells) gastric cancer or gastroesophageal adenocarcinoma were randomized to chemotherapy (epirubicin, cisplatin, capecitabine) with placebo or MET inhibitor rilotumumab. Study treatment was stopped early because of a higher number of deaths in the rilotumumab arm. Median overall survival was 8¬∑8 months (95% CI 7¬∑7-10¬∑2) in the rilotumumab group compared with 10¬∑7 months (9¬∑6-12¬∑4) in the placebo group (stratified hazard ratio 1¬∑34, 95% CI 1¬∑10-1¬∑63; p=0¬∑003).",28958504,PubMed,,"Catenacci et al., 2017",NCT01697072,5,accepted,5835,,2023-01-09 21:46:36 UTC,https://civicdb.org/links/evidence_items/5835,https://civicdb.org/links/molecular_profiles/617,False
BRAF V600,17,Cholangiocarcinoma,4947.0,,Vemurafenib,,Predictive,Supports,B,Sensitivity/Response,"Eight patients with BRAF V600 (7 with V600E, 1 with V600 unknown) mutated cholangiocarcinoma received vemurafenib. Only one patients showed partial response and duration of response of this patient was longer than 12 months.",26287849,PubMed,,"Hyman et al., 2015",NCT01524978,4,accepted,5905,Somatic,2023-01-09 21:46:25 UTC,https://civicdb.org/links/evidence_items/5905,https://civicdb.org/links/molecular_profiles/17,False
FGFR2::v Fusion OR FGFR2::? Fusion,4685,Cholangiocarcinoma,4947.0,,Infigratinib,,Predictive,Supports,B,Sensitivity/Response,"This Phase II trial of BGJ398 for FGFR2 aberant cholangiocarcinoma included 48 patients with FGFR2 fusions. Among these patients with FGFR2 fusions, eight showed tumor response (18.8%) and thirty-six showed tumor shrinkage (75%).",29182496,PubMed,,"Javle et al., 2018",NCT02150967,4,accepted,5908,Somatic,2024-08-19 14:02:32 UTC,https://civicdb.org/links/evidence_items/5908,https://civicdb.org/links/molecular_profiles/4685,False
FGFR2 Mutation,507,Cholangiocarcinoma,4947.0,,Infigratinib,,Predictive,Supports,B,Sensitivity/Response,"Eight patients with cholangiocarcinoma haboring FGFR2 mutations received BGJ398. No response was observed, but one tumor showed a 23% reduction in size. Water fall plot of this article showed 5 patients with stable disease.",29182496,PubMed,,"Javle et al., 2018",NCT02150967,4,accepted,5912,Somatic,2023-01-09 21:46:35 UTC,https://civicdb.org/links/evidence_items/5912,https://civicdb.org/links/molecular_profiles/507,False
BRCA2 Mutation,186,Pancreatic Cancer,1793.0,,Olaparib,,Predictive,Supports,B,Sensitivity/Response,"Twenty-three patients with pancreatic cancer havoring BRCA1/2 germline mutations received olaparib. Eighteen (78%) patients had a BRCA2 mutation. In total of patients with BRCA1/2 mutation , all but one had received prior gemcitabine, and 65% had received prior platinum. Tumor response rate was 21.7% and stable disease more than 8 weeks was 35%.",25366685,PubMed,,"Kaufman et al., 2015",,4,accepted,5913,Rare Germline,2023-01-09 21:46:29 UTC,https://civicdb.org/links/evidence_items/5913,https://civicdb.org/links/molecular_profiles/186,False
BRCA1 Mutation,185,Pancreatic Cancer,1793.0,,"Cisplatin,Oxaliplatin",Substitutes,Predictive,Supports,B,Sensitivity/Response,"Patients with BRCA1/2 associated pancreatic adenocarcinoma were evaluated retrospectively. In patients with stage 3 and 4, the median overall survival (mOS) was 22 months for the platinum exposed (n=22), compared with 9 months for the non-platinum (n=21) treatment groups (p<0.039)",25072261,PubMed,,"Golan et al., 2014",,4,accepted,5915,Rare Germline,2023-01-09 21:46:29 UTC,https://civicdb.org/links/evidence_items/5915,https://civicdb.org/links/molecular_profiles/185,False
BRCA2 Mutation,186,Pancreatic Cancer,1793.0,,Platinum Compound,,Predictive,Supports,B,Sensitivity/Response,"Patients with BRCA1/2 associated pancreatic adenocarcinoma were evaluated retrospectively. In patients with stage 3 and 4, the median overall survival (mOS) was 22 months for the platinum exposed (n=22), compared with 9 months for the non-platinum (n=21) treatment groups (p<0.039)",25072261,PubMed,,"Golan et al., 2014",,4,accepted,5916,Rare Germline,2023-01-09 21:46:29 UTC,https://civicdb.org/links/evidence_items/5916,https://civicdb.org/links/molecular_profiles/186,False
EGFR Mutation,438,Peritoneal Mesothelioma,1788.0,,"Hyperthermic Intraperitoneal Chemotherapy,Cytoreductive Surgery",Combination,Predictive,Supports,B,Sensitivity/Response,"25 patients with metastatic peritoneal mesothelioma were treated with surgical cytoreduction consolidated with intraperitoneal hyperthermic chemotherapy (CRS/IPHC). 8 of the patients carried EGFR mutations in the tyrosine kinase domain. Each mutation was not found in 100 unrelated controls. At study end 10/18 wildtype patients had died with median survival of 14 months, while 2/7 EGFR mutant patients had died and median survival was not yet reached. Median time to progression (TTP) was 12 months in the wildtype group and in the mutant group median TTP was not yet reached. 3 year progression free survival was 71% in the mutant group and 28% in the wildtype group.",20942962,PubMed,,"Foster et al., 2010",,4,accepted,5923,Somatic,2023-01-09 21:46:34 UTC,https://civicdb.org/links/evidence_items/5923,https://civicdb.org/links/molecular_profiles/438,False
EGFR Amplification,190,Lung Non-small Cell Carcinoma,3908.0,,"Erlotinib,Gefitinib",Substitutes,Predictive,Supports,B,Sensitivity/Response,"The result of the analysis found that EGFR gene copy number was associated with increased OS and PFS, supporting the idea that EGFR gene copy number is a biomarker for response to EGFR-TKI therapy in patients with advanced NSCLC.",20826716,PubMed,,"Dahabreh et al., 2011",,4,accepted,5924,Somatic,2023-01-09 21:46:29 UTC,https://civicdb.org/links/evidence_items/5924,https://civicdb.org/links/molecular_profiles/190,False
EGFR Amplification,190,Lung Non-small Cell Carcinoma,3908.0,,"Gefitinib,Erlotinib",Substitutes,Predictive,Supports,B,Sensitivity/Response,"Among TKI-treated patients, increased EGFR gene copy number appears to be associated with improved survival outcomes.",27664271,PubMed,,"Zhang et al., 2017",,4,accepted,5925,Somatic,2023-01-09 21:46:29 UTC,https://civicdb.org/links/evidence_items/5925,https://civicdb.org/links/molecular_profiles/190,False
ERBB2 Overexpression,849,Pancreatic Cancer,1793.0,,"Trastuzumab,Capecitabine",Combination,Predictive,Does Not Support,B,Sensitivity/Response,"This is Phase II trial of Trastuzumab and capecitabine as first line treatment in patients with IHC 3+ HER2 expressing advanced pancreatic cancer or cancer with HER2 gene amplification of stage IVB. Total 207 patients could be assessed for HER2 expression. From the 23 patient with IHC 3+ HER2 expression or IHC 2+ and HER2 gene amplification, 17 patients were included in the study and could be assessed for response to the treatment. Contrary to breast and gastric cancer, only 7 out of 11 (64%) patients with IHC 3+ HER2 expression showed gene amplification. PFS rate at 12 weeks was estimated as 23.5%. Median PFS was 65 days. Median OS was 6.9 months. Authors concluded not to recommend further evaluation of anti-HER2 treatment in patients with metastatic pancreatic cancer.",22374460,PubMed,,"Harder et al., 2012",,4,accepted,5955,,2023-01-09 21:46:39 UTC,https://civicdb.org/links/evidence_items/5955,https://civicdb.org/links/molecular_profiles/849,False
ERBB2 Overexpression,849,Pancreatic Cancer,1793.0,,"Trastuzumab,Gemcitabine",Combination,Predictive,Does Not Support,B,Sensitivity/Response,Patients with metastatic pancreatic cancer with IHC 2+/3+ HER2 received gemcitabine and Trastuzumab combination. Screening logs demonstrated the rate of HER2 overexpression was 16%. Thirty-four patients were enrolled. Thirty patients (88%) had pancreatic cancers with 2+ overexpression and 4 patients (12%) had 3+ overexpression. Confirmed partial responses were observed in 2 of 32 patients (6%). The median survival for all 34 patients was 7 months.,15581051,PubMed,,"Safran et al., 2004",,4,accepted,5956,,2023-01-09 21:46:39 UTC,https://civicdb.org/links/evidence_items/5956,https://civicdb.org/links/molecular_profiles/849,False
BRAF V600E,12,Lung Non-small Cell Carcinoma,3908.0,,Vemurafenib,,Predictive,Supports,B,Sensitivity/Response,"The phase 2a MyPathway study assigned patients with HER2, EGFR, BRAF or SHH alterations to treatment with pertuzumab plus trastuzumab, erlotinib, vemurafenib, or vismodegib, respectively. Within the BRAF mutant group, fourteen patients had refractory BRAF V600E-mutated NSCLC (adenocarcinoma, n = 13; sarcomatoid, n = 1). Six patients (43%; 95% CI, 18% to 71%) had objective responses (one CR, five PR), and two additional patients had SD > 120 days. The median DOR was 5 months (range, 4 to 14 months).",29320312,PubMed,,"Hainsworth et al., 2018",NCT02091141,4,accepted,5958,Somatic,2023-01-09 21:46:25 UTC,https://civicdb.org/links/evidence_items/5958,https://civicdb.org/links/molecular_profiles/12,False
ERBB2 Amplification,302,Colorectal Cancer,9256.0,,"Trastuzumab,Pertuzumab",Combination,Predictive,Supports,B,Sensitivity/Response,"The phase 2a MyPathway study assigned patients with HER2, EGFR, BRAF or SHH alterations to treatment with pertuzumab plus trastuzumab, erlotinib, vemurafenib, or vismodegib, respectively. Thirty of 114 patients (26%; 95% CI, 19% to 35%) with HER2 amplification/overexpression had objective responses to treatment with trastuzumab plus pertuzumab (two CR, 28 PR). Patients with HER2-amplified/overexpressing metastatic colorectal cancer composed the largest tumor-pathway cohort. In this group of 37 patients with refractory disease (median, four previous lines of therapy), treatment with trastuzumab plus pertuzumab produced PRs in 14 patients (38%; 95% CI, 23% to 55%; Fig 2A). An additional four patients had SD > 120 days. The median DOR was 11 months (range, < 1 to 16+ months; 95% CI, 2.8 months to not estimable).",29320312,PubMed,,"Hainsworth et al., 2018",NCT02091141,4,accepted,5981,,2023-01-09 21:46:31 UTC,https://civicdb.org/links/evidence_items/5981,https://civicdb.org/links/molecular_profiles/302,False
BRAF V600,17,Melanoma,1909.0,,"Cobimetinib,Vemurafenib",Combination,Predictive,Supports,A,Sensitivity/Response,"In this double-blind, randomized, placebo-controlled, multicentre study, adult patients with histologically confirmed BRAF(V600) mutation-positive unresectable stage IIIC or stage IV melanoma were randomly assigned (1:1) to receive cobimetinib or placebo, in combination with oral vemurafenib. Progression-free survival was the primary endpoint. Between Jan 8, 2013, and Jan 31, 2014, 495 eligible adult patients were enrolled and randomly assigned to the cobimetinib plus vemurafenib group (n=247) or placebo plus vemurafenib group (n=248). Investigator-assessed median progression-free survival was 12.3 months for cobimetinib and vemurafenib versus 7.2 months for placebo and vemurafenib (HR 0.58 [95% CI 0.46-0.72], p<0.0001). Median overall survival was 22.3 months for cobimetinib and vemurafenib versus 17.4 months for placebo and vemurafenib (HR 0.70, 95% CI 0.55-0.90; p=0.005). The safety profile for cobimetinib and vemurafenib was tolerable and manageable, and no new safety signals were observed with longer follow-up.",27480103,PubMed,,"Ascierto et al., 2016",NCT01689519,5,accepted,6044,Somatic,2023-01-09 21:46:25 UTC,https://civicdb.org/links/evidence_items/6044,https://civicdb.org/links/molecular_profiles/17,False
BRAF V600,17,Colorectal Cancer,9256.0,,"Encorafenib,Cetuximab",Combination,Predictive,Supports,B,Sensitivity/Response,"In a Phase Ib Dose-Escalation Study of Encorafenib and Cetuximab, Twenty-six patients with refractory BRAF V600 mutant metastatic CRC (mCRC) were treated with a selective RAF kinase inhibitor (encorafenib) plus a monoclonal antibody targeting EGFR (cetuximab). Confirmed overall response rates of 19% were observed and median progression-free survival was 3.7 months.",28363909,PubMed,,"van Geel et al., 2017",,4,accepted,6046,Somatic,2023-01-09 21:46:25 UTC,https://civicdb.org/links/evidence_items/6046,https://civicdb.org/links/molecular_profiles/17,False
ETV6::NTRK3 Fusion,779,Congenital Fibrosarcoma,8418.0,,Larotrectinib,,Predictive,Supports,A,Sensitivity/Response,"Four out of six patients with infantile fibrosarcoma and a ETV6-NTRK3 fusion had a partial response, the remaining two had a complete response with larotrectinib. Treatment was done within a multicentre, open-label, phase 1/2 study and enrolled infants, children, and adolescents aged 1 month to 21 years with locally advanced or metastatic solid tumours or CNS tumours that had relapsed, progressed, or were non-responsive to available therapies regardless of TRK fusion Status. In total, 24 patients (n=17 with tumours harbouring TRK fusions, n=7 without a documented TRK fusion) were enrolled. Among the fusion-positive patients, eight (47%) had infantile fibrosarcoma, seven (41%) had other soft tissue sarcomas, and two (12%) had papillary thyroid cancer. 14 (93%) of 15 patients with TRK fusion-positive cancers achieved an objective response; the remaining patient had tumour regression that did not meet the criteria for objective response. None of the seven patients with TRK fusion-negative cancers had an objective response.",29606586,PubMed,,"Laetsch et al., 2018",NCT02637687,4,accepted,6099,Somatic,2023-01-09 21:46:38 UTC,https://civicdb.org/links/evidence_items/6099,https://civicdb.org/links/molecular_profiles/779,False
BRAF V600E,12,Colorectal Cancer,9256.0,,"Dabrafenib,Panitumumab,Trametinib",Combination,Predictive,Supports,B,Sensitivity/Response,"In this trial, 142 patients with metastatic, BRAF V600E mutant colorectal cancer were randomized to receive either BRAF inhibitor dabrafenib (D) + EGFR inhibitor panitumumab (P); or a triple therapy of D + P and MEK inhibition with trametinib (T) or T + P. Confirmed response rates for D+P (n=20), D+T+P (n=91), and T+P (n=31) were 10%, 21%, and 0%, respectively.",29431699,PubMed,,"Corcoran et al., 2018",,4,accepted,6123,Somatic,2023-01-09 21:46:25 UTC,https://civicdb.org/links/evidence_items/6123,https://civicdb.org/links/molecular_profiles/12,False
BRAF V600E,12,Melanoma,1909.0,,"Trametinib,Dabrafenib",Combination,Predictive,Supports,B,Sensitivity/Response,"Adjuvant dual treatment with BRAF inhibitor dabrafenib and MEK inhibitor trametinib was administered to patients with stage III resected melenoma with V600E or V600K mutation in this stage III trial (COMBO-AD, NCT01682083). 792 (91%) patients had V600E, and were administered dabrafenib and trametinib or placebo for 12 months. In subsequent analysis, relapse or death occurred in 150/397 patients (38%) in the treatment group and 229/395 patients (58%) in the placebo group for a 95% CI Hazard Ratio of 0.48 (0.39-0.58).",28891408,PubMed,,"Long et al., 2017",NCT01682083,5,accepted,6178,Somatic,2023-01-09 21:46:25 UTC,https://civicdb.org/links/evidence_items/6178,https://civicdb.org/links/molecular_profiles/12,False
BRAF V600K,559,Melanoma,1909.0,,"Trametinib,Dabrafenib",Combination,Predictive,Supports,B,Sensitivity/Response,"Adjuvant dual treatment with BRAF inhibitor dabrafenib and MEK inhibitor trametinib was administered to patients with stage III resected melenoma with V600E or V600K mutation in this stage III trial (COMBO-AD, NCT01682083). 78 (9%) patients had V600K, and were administered dabrafenib and trametinib or placebo for 12 months. In subsequent analysis, relapse or death occurred in 16/41 patients (39%) in the treatment group and 19/37 patients (51%) in the placebo group for a 95% CI Hazard Ratio of 0.54 (0.27-1.06).",28891408,PubMed,,"Long et al., 2017",NCT01682083,4,accepted,6179,Somatic,2023-01-09 21:46:35 UTC,https://civicdb.org/links/evidence_items/6179,https://civicdb.org/links/molecular_profiles/559,False
BRAF V600,17,Melanoma,1909.0,,"Dabrafenib,Trametinib",Combination,Predictive,Supports,B,Sensitivity/Response,"Combination Dabrafenib and Trametinib treatment was assessed for adjuvant treatment of stage III resected BRAF V600 mutant melanoma in the COMBI-AD trial NCT01682083. Patients were treated with combination therapy or placebo for 12 months. The estimated 3-year rate of relapse-free survival was 58% in the treated group and 39% in the placebo group with hazard ratio for relapse or death of 0.47 (95% CI, 0.39 to 0.58; P<0.001). 3-year overall survival rate for treated group was 86%, and 77% in the placebo group (hazard ratio for death, 0.57; 95% CI, 0.42-0.79; P=0.0006). The level of improvement observed did not cross the prespecified interim analysis boundary of P=0.000019. Distant metastasis-free survival and freedom from relapse was higher in the combination-treated group.",28891408,PubMed,,"Long et al., 2017",NCT01682083,5,accepted,6180,Somatic,2023-01-09 21:46:25 UTC,https://civicdb.org/links/evidence_items/6180,https://civicdb.org/links/molecular_profiles/17,False
v::NTRK1 Fusion,415,Solid Tumor,,,Larotrectinib,,Predictive,Supports,A,Sensitivity/Response,This was a Phase 1/2 study of 55 patients from 4 months to 76 years old with TRK-fusion positive tumors given NTRK inhibitor Larotrectinib. Patients had 17 unique NTRK fusion types. Patient overall response rate was 75% according to independent review and 80% according to investigator assessment. Authors state that Larotrectinib had durable anti tumor activity regardless of age or tumor type. 17/23 patients with NTRK1-fusion showed maximum percent change in tumor size between -30% and -100%.,29466156,PubMed,,"Drilon et al., 2018","NCT02122913,NCT02637687,NCT02576431",4,accepted,6567,Somatic,2023-01-09 21:46:33 UTC,https://civicdb.org/links/evidence_items/6567,https://civicdb.org/links/molecular_profiles/415,False
v::NTRK3 Fusion,1251,Solid Tumor,,,Larotrectinib,,Predictive,Supports,A,Sensitivity/Response,This was a Phase 1/2 study of 55 patients from 4 months to 76 years old with TRK-fusion positive tumors given NTRK inhibitor Larotrectinib. Patients had 17 unique NTRK fusion types. Patient overall response rate was 75% according to independent review and 80% according to investigator assessment. Authors state that Larotrectinib had durable anti tumor activity regardless of age or tumor type. 26/27 patients with NTRK3-fusion showed maximum percent change in tumor size between -30% and -100%.,29466156,PubMed,,"Drilon et al., 2018","NCT02122913,NCT02637687,NCT02576431",4,accepted,6568,Somatic,2023-01-09 21:46:44 UTC,https://civicdb.org/links/evidence_items/6568,https://civicdb.org/links/molecular_profiles/1251,False
v::NTRK1 Fusion,415,Sarcoma,1115.0,,Larotrectinib,,Predictive,Supports,B,Sensitivity/Response,"In a Phase 1/2 study involving 15 pediatric patients with infantile fibrosarcoma or soft tissue sarcoma, 8 patients had NTRK1 fusions. The patients were administered Larotrectinib, and 7 out of 8 patients showed objective response, with 2 complete and 5 partial responses. The patient without objective response had soft tissue sarcoma, and showed stable disease.",29606586,PubMed,,"Laetsch et al., 2018",NCT02637687,4,accepted,6569,Somatic,2023-01-09 21:46:33 UTC,https://civicdb.org/links/evidence_items/6569,https://civicdb.org/links/molecular_profiles/415,False
BRAF V600,17,Melanoma,1909.0,,"Dabrafenib,Trametinib",Combination,Predictive,Supports,B,Sensitivity/Response,"In this Phase III trial (NCT01584648 COMBI-d), 423 previously untreated patients with unresectable stage IIIC or IV BRAF V600E or V600K mutant melanoma received dabrafenib and trametinib or dabrafenib alone with primary endpoint of progression free survival with secondary endpoints including disease response. The hazard ratio for progression or death in the dabrafenib‚Äìtrametinib group was 0.75 (95% confidence interval, 0.57 to 0.99; P=0.03). Of 210 patients in the dabrafenib + trametinib group, 67% of patients had a response, which was 16 percentage points higher than in the dabrafenib-alone group (95% CI, 6 to 25; P=0.002).",25265492,PubMed,,"Long et al., 2014",NCT01584648,5,accepted,6937,Somatic,2023-01-09 21:46:25 UTC,https://civicdb.org/links/evidence_items/6937,https://civicdb.org/links/molecular_profiles/17,False
BRAF V600E,12,Melanoma,1909.0,,"Dabrafenib,Trametinib",Combination,Predictive,Supports,B,Sensitivity/Response,"In this Phase III trial (NCT01584648 COMBI-d), previously untreated patients with unresectable stage IIIC or IV melanoma with BRAF V600E (359 patients) or V600K (61 patients) received dabrafenib and trametinib or dabrafenib alone with primary endpoint of progression free survival and secondary endpoints including disease response. The hazard ratio for progression or death in the V600E group was 0.81 for dabrafenib-trametinib vs dabrafenib-alone. Of 179 V600E patients in the dabrafenib-trametinib group, 68% of patients had a response, which was 15 percentage points higher than in the dabrafenib-alone group (95% CI, 4 to 24; P=0.006).",25265492,PubMed,,"Long et al., 2014",NCT01584648,5,accepted,6938,Somatic,2023-01-09 21:46:25 UTC,https://civicdb.org/links/evidence_items/6938,https://civicdb.org/links/molecular_profiles/12,False
BRAF V600E,12,Melanoma,1909.0,,"Trametinib,Dabrafenib",Combination,Predictive,Supports,B,Sensitivity/Response,"In this Phase I and II study (NCT01072175) patients with metastatic melanoma were given dabrafenib and trametinib combination therapy vs. dabrafenib monotherapy. From V600E patients, 45 received monotherapy and 92 received combination therapy. Hazard ratio for progression or death was 0.43 (95% CI, 0.27-0.71). Both patients with the BRAF V600E and V600K mutation showed significant improvement in progression-free survival.",23020132,PubMed,,"Flaherty et al., 2012",NCT01072175,4,accepted,6940,Somatic,2023-01-09 21:46:25 UTC,https://civicdb.org/links/evidence_items/6940,https://civicdb.org/links/molecular_profiles/12,False
BRAF V600K,559,Melanoma,1909.0,,"Trametinib,Dabrafenib",Combination,Predictive,Supports,B,Sensitivity/Response,"In this Phase III trial (coBRIM, NCT01689519) of 495 V600 mutant melanoma patients, 56 had V600K mutation. 32 patients were treated with vemurafenib and placebo, and 24 were treated with vemurafenib and cobimetinib and tested for progression free survival. 17 of 32 monotherapy group patients had an event with median progression free survival of 5.3 months. In the combination group 4 of 24 patients had an event with median progression-free survival not met, however, when in combination with other V600 mutations median progression-free survival was 9.9 months with combination treatment. Median time to followup for the whole cohort was 7.3 months. Hazard Ratio for progression or death was 0.27 (0.09-0.81).",25265494,PubMed,,"Larkin et al., 2014",NCT01689519,4,accepted,6965,Somatic,2023-01-09 21:46:35 UTC,https://civicdb.org/links/evidence_items/6965,https://civicdb.org/links/molecular_profiles/559,False
BRAF V600E,12,Anaplastic Thyroid Carcinoma,80522.0,,"Trametinib,Dabrafenib",Combination,Predictive,Supports,B,Sensitivity/Response,"Interim analysis of a basket trial evaluating the combination of dabrafenib (BRAF inhibitor) and trametinib (MEK inhibitor) in previously treated V600E-mutated patients showed 11/16 patients with anaplastic thyroid carcinoma responded to treatment (overall response rate 69%; 95% CI, 41% to 89%). Seven patients had ongoing responses. Median duration of response, progression-free survival, and overall survival were not reached after 120 weeks.",29072975,PubMed,,"Subbiah et al., 2018",NCT02034110,4,accepted,6975,Somatic,2023-01-09 21:46:25 UTC,https://civicdb.org/links/evidence_items/6975,https://civicdb.org/links/molecular_profiles/12,False
EGFR Mutation,438,Lung Non-small Cell Carcinoma,3908.0,,Erlotinib,,Predictive,Supports,B,Sensitivity/Response,"In this open-label, randomised, phase 3 trial at 22 centres in China, patients with stage IIIB or IV NSCLC who had exon 19 deletion or exon 21 L858R point mutation, and who had not received previous systemic anticancer therapy, were administered tyrosine kinase inhibitor erlotinib (83 patients) or gemcitabine plus carboplatin (82 patients). Median progression-free survival was found to be significantly longer with erlotinib than in patients on chemotherapy (13.1 [95% CI 10.58‚Äì16.53] vs 4.6 [4.21‚Äì5.42] months; hazard ratio 0.16, 95% CI 0.10‚Äì0.26; p<0.0001). Chemotherapy was also associated with more grade 3 or 4 toxic effects. Authors conclude that in patients with advanced EGFR mutant NSCLC, erlotinib offers an improved first line treatment option.",21783417,PubMed,,"Zhou et al., 2011",NCT00874419,4,accepted,7024,Somatic,2023-01-09 21:46:34 UTC,https://civicdb.org/links/evidence_items/7024,https://civicdb.org/links/molecular_profiles/438,False
v::RET Fusion,1595,Lung Non-small Cell Carcinoma,3908.0,,Selpercatinib,,Predictive,Supports,B,Sensitivity/Response,"In this phase 1 trial, 57 patients with RET fusion- or mutation positive cancers were treated in 7 dose levels. Among patients with RET-Fusion positive NSCLC, objective response rates were 65% (n = 17/26). Responses occurred independent of fusion partner (9/13 KIF5B vs 7/9 non-KIF5B) and included 3 pts w/ baseline brain metastases.",161573,ASCO,102.0,"Alexander E. Drilon, 2018, ASCO Annual Meeting, Abstract 102",NCT03157128,4,accepted,7066,Somatic,2023-01-09 21:46:47 UTC,https://civicdb.org/links/evidence_items/7066,https://civicdb.org/links/molecular_profiles/1595,False
v::RET Fusion,1595,Papillary Thyroid Carcinoma,3969.0,,Selpercatinib,,Predictive,Supports,B,Sensitivity/Response,"In this phase 1 trial, patients with RET-fusion or mutation positive cancers were treated with the selective RET-inhibitor selpercatinib (LOXO-292). Among the 6 patients with RET-fusion positive papillary thyroid cancers, 83% (n = 5/6) response rate was observed. Selpercatinib was well tolerated with no dose limiting toxicities observed and maximum tolerated dose was not reached.",161573,ASCO,102.0,"Alexander E. Drilon, 2018, ASCO Annual Meeting, Abstract 102",NCT03157128,4,accepted,7069,Somatic,2023-07-28 17:42:03 UTC,https://civicdb.org/links/evidence_items/7069,https://civicdb.org/links/molecular_profiles/1595,False
FGFR2 Mutation OR FGFR2::v Fusion OR FGFR2::? Fusion,5201,Transitional Cell Carcinoma,2671.0,,Erdafitinib,,Predictive,Supports,A,Sensitivity/Response,"Patients with metastatic or unresectable urothelial carcinoma havoring FGFR2 fusion, FGFR3 fusion or FGFR3 mutation were treated with pan-FGFR inhibitor, erdafitinib, in Phase 2 trial. 96 patients were treated. There was a 42% confirmed objective response (3% CR, 39% PR) and 80% disease control rate (CR + PR + SD).",160559,ASCO,4503.0,"Arlene O. Siefker-Radtke, 2018, ASCO Annual Meeting, Abstract 4503",NCT02365597,4,accepted,7261,Somatic,2024-08-09 20:09:23 UTC,https://civicdb.org/links/evidence_items/7261,https://civicdb.org/links/molecular_profiles/5201,False
BRCA1 Mutation,185,Ovarian Cancer,2394.0,,Olaparib,,Predictive,Supports,A,Sensitivity/Response,"In the phase 3 SOLO1 trial 390 patients with newly diagnosed advanced ovarian cancer with a mutation in BRCA1 or BRCA2 who had complete or partial response after platinum-based chemotherapy were randomized 2:1 to receive olaparib or placebo. The olaparib arm had 191 patients with BRCA1 mutation, 66 BRCA2, and 3 patients with both BRCA1 and BRCA2, while the placebo arm had 91 BRCA1 and 40 BRCA2 mutant patients. Analysis of PFS by blinded independent review found freedom from disease progression or death at 3 years was 69% in the olaparib arm compared with 35% in the placebo arm (hazard ratio for disease progression or death, 0.28; 95% CI, 0.20 to 0.39; P<0.001).",30345884,PubMed,,"Moore et al., 2018",NCT01844986,5,accepted,7274,Rare Germline,2023-01-09 21:46:29 UTC,https://civicdb.org/links/evidence_items/7274,https://civicdb.org/links/molecular_profiles/185,False
BRCA2 Mutation,186,Ovarian Cancer,2394.0,,Olaparib,,Predictive,Supports,A,Sensitivity/Response,"In the phase 3 SOLO1 trial 390 patients with newly diagnosed advanced ovarian cancer with a mutation in BRCA1 or BRCA2 who had complete or partial response after platinum-based chemotherapy were randomized 2:1 to receive olaparib or placebo. The olaparib arm had 191 patients with BRCA1 mutation, 66 BRCA2, and 3 patients with both BRCA1 and BRCA2, while the placebo arm had 91 BRCA1 and 40 BRCA2 mutant patients. Analysis of PFS by blinded independent review found freedom from disease progression or death at 3 years was 69% in the olaparib arm compared with 35% in the placebo arm (hazard ratio for disease progression or death, 0.28; 95% CI, 0.20 to 0.39; P<0.001).",30345884,PubMed,,"Moore et al., 2018",NCT01844986,5,accepted,7276,Rare Germline,2023-01-09 21:46:29 UTC,https://civicdb.org/links/evidence_items/7276,https://civicdb.org/links/molecular_profiles/186,False
v::ROS1 Fusion,2562,Lung Non-small Cell Carcinoma,3908.0,,Crizotinib,,Predictive,Supports,A,Sensitivity/Response,"In the ongoing phase 1 study PROFILE 1001, NSCLC patients with ROS1 rearrangement confirmed by FISH or RT-PCR received crizotinib 250mg twice daily. Among 53 patients, the ORR was 72% (95% CI, 58% to 83%), with 6 complete responses and 32 partial responses. The median duration of response was 24.7 months (95% CI, 15.2-45.3), mPFS was 19.3 months (95% CI, 15.2-39.1) and mOS was 51.4 months (95% CI, 29.3 to not reached). Most treatment related adverse events (TRAEs) were grade 1 or 2, with no grade 4 or 5 TRAEs being reported.",30980071,PubMed,,"Shaw et al., 2019",NCT00585195,5,accepted,7282,Somatic,2023-08-25 16:19:42 UTC,https://civicdb.org/links/evidence_items/7282,https://civicdb.org/links/molecular_profiles/2562,False
FLT3 Mutation,515,Acute Myeloid Leukemia,9119.0,,Gilteritinib,,Predictive,Supports,B,Sensitivity/Response,"In a phase 1/2 trial, patients with refractory or relapsed AML with FLT3 mutation (n=191; ITD n=162, D835 n=13, ITD-D835 n=16) received gilteritinib. 49% (93/191) of patients achieved an overall response, 9% (n=18) complete remission, 5% (n=10) complete remission with incomplete platelet recovery, 22% (n=42) complete remission with incomplete hematological recovery, and 12% (n=23) reached partial remission. The refractory or relapsed AML FLT wildtype group treated with gilteritinib(n=58) had lower overall response rate (12%), complete remission (2%), complete remission with incomplete platelet recovery (0%), complete remission with incomplete hematological recovery (7%), and fewer reached partiral remission (3%). Also, bone marrow myeloblast reduction was greater in FLT3 mutant patients compared to FLT3 wildtype.",28645776,PubMed,,"Perl et al., 2017",NCT02014558,4,accepted,7283,Somatic,2023-01-09 21:46:35 UTC,https://civicdb.org/links/evidence_items/7283,https://civicdb.org/links/molecular_profiles/515,False
v::ALK Fusion,495,Lung Non-small Cell Carcinoma,3908.0,,Alectinib,,Predictive,Supports,A,Sensitivity/Response,"In a phase 3 trial, 303 patients with NSCLC with ALK fusion were randomly assigned to alectinib arm (N=152) or crizotinib arm (N=151). PFS was significantly longer with alectinib than with crizotinib (HR for disease progression or death 0.47, 95% CI: 0.34-0.65, p<0.001). Investigator-assessed RR was 82.9% in alectinib arm and 75.5% in crizotinib arm. CNS RR in patients with measurable CNS lesions was 81% and 50% for alectinib and crizotinib, respectively. Eight patients in the alectinib group, in comparison to one patient with crizotinib, had a complete CNS response. Despite longer treatment duration for alectinib, there were fewer grade 3-5 adverse events compared with crizotinib treatment.",28586279,PubMed,,"Peters et al., 2017",NCT02075840,5,accepted,7284,Somatic,2023-01-09 21:46:34 UTC,https://civicdb.org/links/evidence_items/7284,https://civicdb.org/links/molecular_profiles/495,False
v::ALK Fusion,495,Lung Non-small Cell Carcinoma,3908.0,,Ceritinib,,Predictive,Supports,A,Sensitivity/Response,"In a phase 3 trial, patients with previously treatmented NSCLC with ALK fusion were randomly assigned to ceritinib or chemotherapy. Ceritinib showed a significant improvement in median PFS compared with chemotherapy (5¬∑4 months [95% CI 4¬∑1-6¬∑9] for ceritinib vs 1¬∑6 months [1¬∑4-2¬∑8] for chemotherapy; hazard ratio 0¬∑49 [0¬∑36-0¬∑67]; p<0¬∑0001).",28602779,PubMed,,"Shaw et al., 2017",NCT01828112,5,accepted,7285,Somatic,2023-01-09 21:46:34 UTC,https://civicdb.org/links/evidence_items/7285,https://civicdb.org/links/molecular_profiles/495,False
v::ALK Fusion,495,Lung Non-small Cell Carcinoma,3908.0,,Lorlatinib,,Predictive,Supports,B,Sensitivity/Response,"In a phase 2 trial, patients with NSCLC with ALK fusion received lorlatinib. In treatment-naive patients, ORR was 90.0% In patients with at least one previous ALK tyrosine kinase inhibitor, ORR were achieved in 47.0%.In patients who had only received crizotinib ORR was achieved in 69.5%.",30413378,PubMed,,"Solomon et al., 2018",NCT01970865,4,accepted,7286,Somatic,2023-01-09 21:46:34 UTC,https://civicdb.org/links/evidence_items/7286,https://civicdb.org/links/molecular_profiles/495,False
BRAF V600,17,Melanoma,1909.0,,"Encorafenib,Binimetinib",Combination,Predictive,Supports,A,Sensitivity/Response,"In a phase 3 trial, patients with melanoma with BRAF V600E or V600K mutation were randomly assigned to encorafenib plus binimetinib or vemurafenib or encorafenib. mPFS was 14¬∑9 months (95% CI 11¬∑0-18¬∑5) in the encorafenib plus binimetinib group and 7¬∑3 months (5¬∑6-8¬∑2) in the vemurafenib group (hazard ratio [HR] 0¬∑54, 95% CI 0¬∑41-0¬∑71; two-sided p<0¬∑0001)",29573941,PubMed,,"Dummer et al., 2018",NCT01909453,5,accepted,7287,Somatic,2023-01-09 21:46:25 UTC,https://civicdb.org/links/evidence_items/7287,https://civicdb.org/links/molecular_profiles/17,False
CDKN2A Mutation,2573,Pancreatic Cancer,1793.0,,Palbociclib,,Predictive,Does Not Support,B,Sensitivity/Response,"In a phase 2 trial, patients with pancreatic cancer with CDKN2A loss or mutation were received palbociclib. Among 12 patients no overall response or stable disease at 16 weeks were observed.",158598,ASCO,2532.0,"Tareq Al Baghdadi, 2018, ASCO Annual Meeting, Abstract 2532",NCT02693535,4,accepted,7299,Somatic,2023-01-09 21:47:01 UTC,https://civicdb.org/links/evidence_items/7299,https://civicdb.org/links/molecular_profiles/2573,False
CDKN2A Mutation,2573,Cholangiocarcinoma,4947.0,,Palbociclib,,Predictive,Does Not Support,B,Sensitivity/Response,"In a phase 2 trial, patients with gallbladder cancer or bile duct cancer with CDKN2A loss or mutation were received palbociclib. Among 10 patients, no overall response or stable disease at 16 weeks were observed.",158598,ASCO,2532.0,"Tareq Al Baghdadi, 2018, ASCO Annual Meeting, Abstract 2532",NCT02693535,4,accepted,7300,Somatic,2023-01-09 21:47:01 UTC,https://civicdb.org/links/evidence_items/7300,https://civicdb.org/links/molecular_profiles/2573,False
PIK3CA Mutation,307,Breast Cancer,1612.0,,"Alpelisib,Fulvestrant",Combination,Predictive,Supports,A,Sensitivity/Response,"In a phase 3 trial, patients with hormone receptor positive, HER2 receptor negative breast were allocated to alpelisib plus fulvestrant or placebo plus fulvestrant. Patients were enrolled into two cohorts on the basis of tumor-tissue PIK3CA mutation status. In the cohort of patients with PIK3CA-mutated cancer (defined by the presence of any PIK3CA mutation in mutation hot spots in the C2, helical, and kinase domains of PI3K corresponding to exons 7, 9, and 20, respectively), PFS was 11 months in the alpelisib-fulvestrant group, as compared with 5.7 months in the placebo-fulvestrant group (HR 0.65, 95% CI, 0.50 to 0.85, p<0.001). In the cohort without PIK3CA-mutated cancer, the HR was 0.85 (95% CI, 0.58 to 1.25). Overall response rate was also greater in the PIK3CA-mutant group (26.6% vs. 12.8%).",31091374,PubMed,,"Andr√© et al., 2019",NCT02437318,5,accepted,7313,Somatic,2023-01-09 21:46:32 UTC,https://civicdb.org/links/evidence_items/7313,https://civicdb.org/links/molecular_profiles/307,False
PIK3CA Q546E OR PIK3CA Q546R,5299,Breast Cancer,1612.0,,"Alpelisib,Fulvestrant",Combination,Predictive,Supports,A,Sensitivity/Response,"In a phase 3 trial, patients with hormone receptor positive, HER2 receptor negative breast were allocated to alpelisib plus fulvestrant or placebo plus fulvestrant. Patients were enrolled into two cohorts on the basis of tumor-tissue PIK3CA mutation status.PIK3CA mutation was determined according to the presence or absence of any hot spot mutation in the C2, helical, and kinase domains of PI3K (corresponding to exon 7, 9, and 20, respectively). In the cohort of patients with PIK3CA-mutated cancer, PFS was 11 months in the alpelisib-fulvestrant group, as compared with 5.7 months in the placebo-fulvestrant group (HR 0.65, p<0.001). In the cohort without PIK3CA-mutated cancer, the HR was 0.85. Analyses of PFS according to mutation types showed consistent benefit of treatment with alpelisib‚Äìfulvestrant in across prespecified subgroups, including E542K, E545X, and H1047X.",31091374,PubMed,,"Andr√© et al., 2019",NCT02437318,5,accepted,7316,Somatic,2024-11-27 23:14:21 UTC,https://civicdb.org/links/evidence_items/7316,https://civicdb.org/links/molecular_profiles/5299,False
PIK3CA H1047R OR PIK3CA H1047Y OR PIK3CA H1047L,5288,Breast Cancer,1612.0,,"Alpelisib,Fulvestrant",Combination,Predictive,Supports,A,Sensitivity/Response,"In a phase 3 trial, patients with hormone receptor positive, HER2 receptor negative breast were allocated to alpelisib plus fulvestrant or placebo plus fulvestrant. Patients were enrolled into two cohorts on the basis of tumor-tissue PIK3CA mutation status.PIK3CA mutation was determined according to the presence or absence of any hot spot mutation in the C2, helical, and kinase domains of PI3K (corresponding to exon 7, 9, and 20, respectively). In the cohort of patients with PIK3CA-mutated cancer, PFS was 11 months in the alpelisib-fulvestrant group, as compared with 5.7 months in the placebo-fulvestrant group (HR 0.65, p<0.001). In the cohort without PIK3CA-mutated cancer, the HR was 0.85. Analyses of PFS according to mutation types showed consistent benefit of treatment with alpelisib‚Äìfulvestrant in across prespecified subgroups, including E542K, E545X, and H1047X.",31091374,PubMed,,"Andr√© et al., 2019",NCT02437318,5,accepted,7318,Somatic,2024-10-21 17:26:56 UTC,https://civicdb.org/links/evidence_items/7318,https://civicdb.org/links/molecular_profiles/5288,False
EGFR L858R OR EGFR Exon 19 Deletion,4432,Lung Non-small Cell Carcinoma,3908.0,,Dacomitinib,,Predictive,Supports,A,Sensitivity/Response,"In the ARCHER 1050 Phase 3 Trial (NCT01774721), 452 patients with newly diagnosed stage IIIB/IV or recurrent NSCLC exon 19 deletion or the Leu858Arg mutation, (with or without the T790M) were treated with second generation tyrosine kinase inhibitor (TKI) dacomitinib (227 patients) or first generation TKI gefitinib (225 patients). Primary endpoint was progression free survival (PFS), and median PFS according to masked independent review was 14.7 months (95% CI 11.1‚Äì16.6) with dacomitinib group 9.2 months (9.1‚Äì11.0) with gefitinib (HR 0¬∑59, 95% CI 0¬∑47‚Äì0¬∑74; p<0¬∑0001). Benefit of dacomitinib over gefitinib was lower in non-Asian patient subgroup (n=106) than in Asian group (n=346) although authors note smaller sample size may explain this. Authors state that PFS was significantly improved with first line dacomitinib treatment, and that dacomitinib should be considered for EGFR mutant NSCLC treatment.",28958502,PubMed,,"Wu et al., 2017",NCT01774721,4,accepted,7363,Somatic,2023-05-17 00:00:41 UTC,https://civicdb.org/links/evidence_items/7363,https://civicdb.org/links/molecular_profiles/4432,False
IKZF1 Deletion,200,B-lymphoblastic Leukemia/lymphoma,80630.0,"Pediatric onset,Early young adult onset","Daunorubicin,Cytarabine,Fludarabine,Methotrexate,Imatinib",Combination,Predictive,Supports,B,Sensitivity/Response,"This prospective study reports on the prognosis of patients with B-ALL and an IKZF1 deletion and the impact of intensification of treatment in this subgroup. In 50 patients from the MS2003 cohort, the 5-year cumulative risk for relapse (CIR) associated with IKZF1 deletion was significantly higher than those without the deletion (CIR= 30.4% vs. 8.1%, p=8.7x10^-7). Of those with IKZF1 deletions, the study showed improvement in CIR and CID in both BCR-ABL1 positive, who were treated with imatinib and intensification therapy (CIR decreased from 66.7% to 20%), and BCR-ABL1 negative, who were treated with intensification therapy only (CIR decreased from 20.5% to 11.4%). Overall survival was also significantly improved for patients with IKZF1 deletion in both groups. Intensification therapy was achieved with higher doses of methotrexate 5g/m2, more blocks of delayed intensification, and for HR patients, two fludarabine-cytarabine-daunorubicin blocks. The study was not randomized, did not include IKZF1 mutation status, and did not consider all substratifications of IKZF1.",30044693,PubMed,,"Yeoh et al., 2018",NCT02894645,4,accepted,7366,Somatic,2023-01-17 19:17:05 UTC,https://civicdb.org/links/evidence_items/7366,https://civicdb.org/links/molecular_profiles/200,False
BRCA1 Loss-of-function,131,Pancreatic Adenocarcinoma,4074.0,,Olaparib,,Predictive,Supports,A,Sensitivity/Response,"In the phase 3 POLO trial patients who had germline BRCA1/2 mutation and metastatic pancreatic adenocarcinoma that had not progressed during first-line platinum-based chemotherapy were allocated to maintenance olaparib or placebo. BRCA1/2 mutation was determine by the BRAC-Analysis CDx test. Median progression free survival was significantly longer in the olaparib group than in the placebo group (7.4 months vs. 3.8 months; hazard ratio for disease progression or death, 0.53; 95% CI, 0.35 to 0.82; p=0.004). BRCA1 mutations were present in 29/92 patients in the olaparib group and 16/62 patients in the placebo group, while one patient receiving olaparib had both BRCA1 and BRCA2 germline mutations. Responses were seen in 18 (20%) patients in the olaparib group, including two complete responses. The safety profile of olaparib was similar to that observed in other patient populations.",31157963,PubMed,,"Golan et al., 2019",NCT02184195,5,accepted,7384,Rare Germline,2023-01-09 21:46:28 UTC,https://civicdb.org/links/evidence_items/7384,https://civicdb.org/links/molecular_profiles/131,False
BRCA2 Loss-of-function,132,Pancreatic Adenocarcinoma,4074.0,,Olaparib,,Predictive,Supports,A,Sensitivity/Response,"In the phase 3 POLO trial patients who had germline BRCA1/2 mutation and metastatic pancreatic adenocarcinoma that had not progressed during first-line platinum-based chemotherapy were allocated to maintenance olaparib or placebo. BRCA1/2 mutation was determine by the BRAC-Analysis CDx test. Median progression free survival was significantly longer in the olaparib group than in the placebo group (7.4 months vs. 3.8 months; hazard ratio for disease progression or death, 0.53; 95% CI, 0.35 to 0.82; p=0.004). BRCA2 mutations were present in 62/92 patients in the olaparib group and 46/62 patients in the placebo group, while one patient receiving olaparib had both BRCA1 and BRCA2 germline mutations. Responses were seen in 18 (20%) patients in the olaparib group, including two complete responses. The safety profile of olaparib was similar to that observed in other patient populations.",31157963,PubMed,,"Golan et al., 2019",NCT02184195,5,accepted,7385,Rare Germline,2023-01-09 21:46:28 UTC,https://civicdb.org/links/evidence_items/7385,https://civicdb.org/links/molecular_profiles/132,False
FGFR3 Mutation,805,Transitional Cell Carcinoma,2671.0,,Erdafitinib,,Predictive,Supports,A,Sensitivity/Response,"In a phase 2 trial, patients with locally advanced and unresectable or metastatic urothelial carcinoma harboring FGFR3 mutation or FGFR2/3 fusion were treated with Erdafitinib. All the patients had a history of disease progression during or after at least one course of chemotherapy. The response rate in patients receiving continuous daily 8 or 9mg Erdafitinib treatment was 40% (40/99). Within this treatment group, the response rate of patients with FGFR3 mutation was 49% (36/74), and an additional 26 patients (35%) had stable disease. FGFR3 mutations included G370C (4), R248C (13), S249C (45), and Y373C (12).",31340094,PubMed,,"Loriot et al., 2019",NCT02365597,4,accepted,7422,Somatic,2023-09-22 17:42:15 UTC,https://civicdb.org/links/evidence_items/7422,https://civicdb.org/links/molecular_profiles/805,False
PIK3CA E545K OR PIK3CA E545A OR PIK3CA E545G OR PIK3CA E545D,5296,Breast Cancer,1612.0,,"Fulvestrant,Alpelisib",Combination,Predictive,Supports,A,Sensitivity/Response,"In a phase 3 trial, 572 patients with hormone receptor positive, HER2 receptor negative advanced breast cancer who previously received endocrine therapy were allocated to alpelisib plus fulvestrant or placebo plus fulvestrant. Patients were enrolled into two cohorts on the basis of tumor-tissue PIK3CA mutation status (N=341). PIK3CA mutation was determined according to the presence or absence of any hot spot mutation in the C2, helical, and kinase domains of PI3K (corresponding to exon 7, 9, and 20, respectively). In the cohort of patients with PIK3CA-mutated cancer, PFS was 11 months in the alpelisib-fulvestrant group, as compared with 5.7 months in the placebo-fulvestrant group (HR 0.65, p<0.001). In the cohort without PIK3CA-mutated cancer, the HR was 0.85. Analyses of PFS according to mutation types showed consistent benefit of treatment with alpelisib‚Äìfulvestrant across prespecified subgroups, including E542K, E545X (N=105, HR 0.61, 95% CI 0.37-1), and H1047X.",31091374,PubMed,,"Andr√© et al., 2019",NCT02437318,4,accepted,7468,Somatic,2024-10-28 17:37:44 UTC,https://civicdb.org/links/evidence_items/7468,https://civicdb.org/links/molecular_profiles/5296,False
BRAF V600E,12,Langerhans Cell Sarcoma,7146.0,,Vemurafenib,,Predictive,Supports,B,Sensitivity/Response,"Off-label use of vemurafenib to treat BRAF V600E mutation-positive, refractory, childhood Langerhans cell histiocytosis (LCH) was evaluated. Fifty-four patients from 12 countries were treated with vemurafenib 20 mg/kg/day. Because LCH is a heterogeneous systemic disease, the quantitative Disease Activity Score (DAS), which reflects overall LCH extension, was used as an evaluation criterion. At 8 weeks, 38 patients had CRs (non-active disease) and 16 had PRs (active disease better). DAS decreased from a median value of 7 to 0 between VMF initiation and day 60 (P < 0.001).",31513482,PubMed,,"Donadieu et al., 2019",,4,accepted,7583,Somatic,2023-01-09 21:46:25 UTC,https://civicdb.org/links/evidence_items/7583,https://civicdb.org/links/molecular_profiles/12,False
H3-3A K28M,2289,Glioma,,,Dordaviprone,,Predictive,Supports,B,Sensitivity/Response,"In a phase 2 trial, patients with H3 K27M mutant glioma have been treated with DRD2 antagonist ONC201. Among 29 patients, 1 patient experienced complete clinical regression lasting >14 months, and 3 patients experienced durable partial response by RANO. 10 patients had a best response of stable disease by RANO, with a few of these patients showing substantial tumor regression in some lesions. Author concluded that ONC201 is well tolerated and has clinical activity against K27M-mutated glioma.",172409,ASCO,3005.0,"Isabel Arrillaga, 2019, ASCO Annual Meeting, Abstract 3005",NCT03295396; NCT02525692,4,accepted,7601,Somatic,2023-01-09 21:46:58 UTC,https://civicdb.org/links/evidence_items/7601,https://civicdb.org/links/molecular_profiles/2289,False
BRAF V600E,12,Colorectal Cancer,9256.0,,"Cetuximab,Binimetinib,Encorafenib",Combination,Predictive,Supports,B,Sensitivity/Response,"665 patients with BRAF V600E-mutated metastatic CRC were enrolled In this open-label, phase 3 trial. Patients were randomly assigned in a 1:1:1 ratio to receive encorafenib, binimetinib, and cetuximab (triplet-therapy group); encorafenib and cetuximab (doublet-therapy group); or the investigators‚Äô choice of either cetuximab and irinotecan or cetuximab and FOLFIRI. The median overall survival was 9.0 months in the triplet-therapy group and 5.4 months in the control group (hazard ratio for death, 0.52; 95% confidence interval [CI], 0.39 to 0.70; P<0.001). The confirmed response rate was 26% (95% CI, 18 to 35) in the triplet-therapy group and 2% (95% CI, 0 to 7) in the control group (triplet group vs. control P<0.001). The median progression-free survival in the triplet-therapy group was 4.3 months (95% CI, 4.1 to 5.2) and 1.5 months (95% CI, 1.5 to 1.7) in the control group (hazard ratio for disease progression or death, 0.38; 95% CI, 0.29 to 0.49; P<0.001).",31566309,PubMed,,"Kopetz et al., 2019",NCT02928224,5,accepted,7612,Somatic,2023-01-09 21:46:25 UTC,https://civicdb.org/links/evidence_items/7612,https://civicdb.org/links/molecular_profiles/12,False
FGF19 Overexpression,2653,Hepatocellular Carcinoma,684.0,,Fisogatinib,,Predictive,Supports,B,Sensitivity/Response,"In a phase 1 trial, patients with hepatocellular carcinoma were treated with selective FGFR4 inhibitor, fisogatinib (BLU-554). For dose escalation, 25 patients received 140 to 900 mg fisogatinib once daily. FGF19 expression was evaluated by immunohistochemistry. Across doses, the overall response rate was 17% (11/66) in FGF19 positive patients and 0% (0/32) in FGF19 negative patients.",31575541,PubMed,,"Kim et al., 2019",,4,accepted,7636,,2023-01-09 21:47:02 UTC,https://civicdb.org/links/evidence_items/7636,https://civicdb.org/links/molecular_profiles/2653,False
RET M918T,113,Medullary Thyroid Carcinoma,3973.0,,Cabozantinib,,Predictive,Supports,B,Sensitivity/Response,"In this retrospective analysis of a phase 3 trial of cabozantinib or placebo in 330 patients. Among those, 51.2% were RET mutation-positive (38.2% with RET M918T), 34.8% were RET mutation-unknown, and 13.9% were RET mutation-negative. Sixteen patients were RAS mutation-positive. Cabozantinib appeared to prolong PFS versus the placebo in the RET mutation-positive subgroup (hazard ratio [HR], 0.23; 95% confidence interval [CI], 0.14-0.38; P < .0001). Patients in a RET mutation-negative population showed relatively smaller benefits from cabozantinib (HR 0.53). The RET M918T subgroup achieved the greatest observed PFS benefit from cabozantinib versus the placebo (HR 0.15).",27525386,PubMed,,"Sherman et al., 2016",,4,accepted,7710,Somatic,2023-01-09 21:46:28 UTC,https://civicdb.org/links/evidence_items/7710,https://civicdb.org/links/molecular_profiles/113,False
FLT3 ITD OR FLT3 D835 OR FLT3 I836,5640,Acute Myeloid Leukemia,9119.0,,Gilteritinib,,Predictive,Supports,A,Sensitivity/Response,"In this phase 3 trial (ADMIRAL), 371 patients with relapsed or refractory FLT3-mutated AML (required to have FLT3 ITD or TKD D835 or I836 mutations) were randomly assigned in a 2:1 ratio to receive either gilteritinib (n=247, at a dose of 120 mg per day) or salvage chemotherapy (n=124). Median overall survival in the gilteritinib group was significantly longer than in the chemotherapy group (9.3 months vs. 5.6 months; hazard ratio for death, 0.64; 95% confidence interval [CI], 0.49 to 0.83; P<0.001). Median event-free survival was 2.8 months in the gilteritinib group and 0.7 months in the chemotherapy group (hazard ratio for treatment failure or death, 0.79; 95% CI, 0.58 to 1.09). The complete remission rate with full or partial hematologic recovery was 34.0% in the gilteritinib group and 15.3% in the chemotherapy group (risk difference, 18.6 percentage points; 95% CI, 9.8 to 27.4); the percentages with complete remission were 21.1% and 10.5%, respectively (risk difference, 10.6 percentage points; 95% CI, 2.8 to 18.4). Notably, gilteritinib treatment resulted in similar median overall survival (9.3 months vs. 8.0 months) and percentage of complete remission (20.5% vs. 19.0%) in patients with ITD mutations and patients with TKD mutations. The authors concluded gilteritinib therapy in relapsed or refractory FLT3-mutated AML patients resulted longer survival and improved response versus salvage chemotherapy.",31665578,PubMed,,"Perl et al., 2019",NCT02421939,5,accepted,7728,Somatic,2025-11-19 20:45:30 UTC,https://civicdb.org/links/evidence_items/7728,https://civicdb.org/links/molecular_profiles/5640,False
BRAF Non-V600,2281,Solid Tumor,,,Trametinib,,Predictive,Does Not Support,B,Sensitivity/Response,"In a phase II basket trial (NCI-MATCH), patients with solid tumors or hematologic malignancies harboring BRAF non-V600 mutations were treated with trametinib. Among 50 patients assigned, 32 were eligible and received therapy with trametinib. Most common tumor histopathologic subtypes were GI cancers (n=8, of which 7 were colorectal adenocarcinoma), lung adenocarcinoma (n=9), prostate adenocarcinoma (n=4), gynecologic cancer (n=4), BRAF alterations included BRAF fusion (n=1), G464 (n=2), G466 (n=4), G469 (n=7), N581 (n=3), D594 (n=11), L597 (n=2) and K601 (n=1). Of the 32 patients evaluable for efficacy endpoints, the response rate was 3% (3/32). The patient with a partial response had invasive breast cancer with a BRAF G469E mutation. The median PFS was 1.8 months and the median OS was 5.7 months.",31924734,PubMed,,"Johnson et al., 2020",,4,accepted,7855,Somatic,2023-01-09 21:46:58 UTC,https://civicdb.org/links/evidence_items/7855,https://civicdb.org/links/molecular_profiles/2281,False
v::ROS1 Fusion,2562,Lung Non-small Cell Carcinoma,3908.0,,Crizotinib,,Predictive,Supports,A,Sensitivity/Response,"A phase 2 clinical trial studied the efficacy of Crizotinib in East Asian NSCLC patients positive for ROS1 rearrangements (detected by RT-PCR AmoyDx assay) and negative for ALK1 rearrangements. Of the 127 patients enrolled, 17 achieved complete response and 74 achieved partial response. Overall response rate by independent radiology review was 71.7% (95% CI 63-79.3%) Time to response was rapid (median 1.9 months) and durable (Duration of response median 19.7 months). Median progression free survival was 15.9 months. Crizotinib was clinically beneficial regardless of demographics and prior therapy. Based on these results, Crizotinib was approved for the treatment of ROS1 positive NSCLC in 2017 in Japan, Taiwan, China, and Korea.",29596029,PubMed,,"Wu et al., 2018",NCT01945021,4,accepted,7933,Somatic,2024-08-27 22:45:27 UTC,https://civicdb.org/links/evidence_items/7933,https://civicdb.org/links/molecular_profiles/2562,False
FGFR2::v Fusion OR FGFR2::? Fusion,4685,Cholangiolocellular Carcinoma,7642.0,,Pemigatinib,,Predictive,Supports,A,Sensitivity/Response,"In a multicentre, open-label, single-arm, phase 2 study (FIGHT-202), patients with disease progression following at least one previous treatment received a starting dose of 13¬∑5 mg oral pemigatinib once daily (21-day cycle; 2 weeks on, 1 week off). Among 107 patients with FGFR2 fusions or rearrangements, 38 (35¬∑5% [95% CI 26¬∑5‚Äì45¬∑4]) achieved an objective response (three complete responses and 35 partial responses).",32203698,PubMed,,"Abou-Alfa et al., 2020",NCT02924376,4,accepted,8173,Somatic,2024-08-19 14:11:37 UTC,https://civicdb.org/links/evidence_items/8173,https://civicdb.org/links/molecular_profiles/4685,False
PALB2 Mutation,2628,Castration-resistant Prostate Carcinoma,80909.0,,Olaparib,,Predictive,Supports,A,Sensitivity/Response,"This randomized, open-label, phase 3 trial evaluated the PARP inhibitor olaparib in 387 men with metastatic castration-resistant prostate cancer (mCRPC) who had disease progression while receiving a new hormonal agent (e.g., enzalutamide or abiraterone). The study found that in men with mCRPC who had somatic or germline deleterious alterations (irrespective of zygosity) in any of the following HRR genes (BRCA1, BRCA2, ATM, BRIP1, BARD1, CDK12, CHEK1, CHEK2, FANCL, PALB2, PPP2R2A, RAD51B, RAD51C, RAD51D, and RAD54L), olaparib was associated with longer progression-free survival and better measures of response and patient-reported end points than either enzalutamide or abiraterone (PFS HR 0.49 [0.38, 0.63]). A total of 8 patients had PALB2 mutations, 4 in each arm. Based on the results of this study, on May 19, 2020, the Food and Drug Administration approved olaparib (LYNPARZA) for adult patients with deleterious or suspected deleterious germline or somatic HRR gene-mutated mCRPC, who have progressed following prior treatment with enzalutamide or abiraterone.",32343890,PubMed,,"de Bono et al., 2020",NCT02987543,4,accepted,8504,Unknown,2024-04-27 08:41:58 UTC,https://civicdb.org/links/evidence_items/8504,https://civicdb.org/links/molecular_profiles/2628,True
ATM Mutation,178,Castration-resistant Prostate Carcinoma,80909.0,,Olaparib,,Predictive,Supports,A,Sensitivity/Response,"This study (PMID 32343890) by de Bono et al, is a randomized, open-label, phase 3 trial evaluating the PARP inhibitor olaparib in 387 men with metastatic castration-resistant prostate cancer (mCRPC) who had disease progression while receiving a new hormonal agent (e.g., enzalutamide or abiraterone).The study found that in men with mCRPC who had disease progression while receiving enzalutamide or abiraterone and who had somatic or germline deleterious alterations (irrespective of zygosity) in any of the following HRR genes (BRCA1, BRCA2, ATM, BRIP1, BARD1, CDK12, CHEK1, CHEK2, FANCL, PALB2, PPP2R2A, RAD51B, RAD51C, RAD51D, and RAD54L), olaparib was associated with longer progression-free survival and better measures of response and patient- reported end points than either enzalutamide or abiraterone (PFS HR 0.49 [0.38, 0.63]). For patients with ATM mutations specifically, PFS HR 1.04 [0.61-1.87]. Based on the results of this study, On May 19, 2020, the Food and Drug Administration approved olaparib (LYNPARZA) for adult patients with deleterious or suspected deleterious germline or somatic HRR gene-mutated mCRPC, who have progressed following prior treatment with enzalutamide or abiraterone.",32343890,PubMed,,"de Bono et al., 2020",NCT02987543,4,accepted,8505,Unknown,2024-04-27 08:41:58 UTC,https://civicdb.org/links/evidence_items/8505,https://civicdb.org/links/molecular_profiles/178,True
v::ALK Fusion,495,Lung Non-small Cell Carcinoma,3908.0,,Alectinib,,Predictive,Supports,A,Sensitivity/Response,"A randomized phase 3 trial (J-ALEX) of 207 Japanese ALK-positive NSCLC patients compared the efficacy and safety of alectinib (300mg twice daily) and crizotinib (250mg twice daily) in the first-line setting. When used as a first line treatment the median progression-free survival of the alectinib group was unreached (95% CI 17.5‚Äìnot estimated) versus 10.2 months (95% CI 8.3‚Äì13.9) in the crizotinib group (HR 0.31; 95% CI 0.17‚Äì0¬∑57). In the overall intent to treat population, Alectinib showed improved median PFS (HR 0.34; 99.7% CI 0.17-0.71; stratified log-rank p<0¬∑0001) with an unreached PFS (95% CI 20.3-not estimated) compared to 10.2 months (95% CI 8.2-12.0) for crizotinib. The safety profile of alectinib was favorable relative to crizotinib with fewer dose interruptions (29% vs 74%) and fewer grade 3-4 adverse events (26% vs 52%).",28501140,PubMed,,"Hida et al., 2017",,5,accepted,8657,Somatic,2023-01-09 21:46:34 UTC,https://civicdb.org/links/evidence_items/8657,https://civicdb.org/links/molecular_profiles/495,False
BRCA2 Mutation,186,Castration-resistant Prostate Carcinoma,80909.0,,Olaparib,,Predictive,Supports,A,Sensitivity/Response,"In phase 3 trial of 387 patients comparing olaparib and new hormonal agent (enzalutamide or abiraterone) therapy for patients with metastatic castration-resistant prostate cancer harboring homologous recombinant repair-related gene mutation detected from a tumor sample, olaparib showed significant PFS benefit in an ITT population (HR [95%CI] 0.49 [0.38, 0.63]). But in subgroup analysis, the treatment effect differed in each mutated genes. Among them, patients with BRCA2 mutations (olaparib: n=92, control: n=53) showed a prominent benefit of olaparib (PFS HR [95%CI] 0.21 [0.13, 0.32]).",32343890,PubMed,,"de Bono et al., 2020",NCT02987543,5,accepted,8842,Unknown,2024-04-27 08:41:58 UTC,https://civicdb.org/links/evidence_items/8842,https://civicdb.org/links/molecular_profiles/186,True
MET Exon 14 Skipping Mutation,320,Lung Non-small Cell Carcinoma,3908.0,,Capmatinib,,Predictive,Supports,A,Sensitivity/Response,"In a phase 2 trial, a total of 364 patients with non-small cell lung cancer and MET alterations were assigned to cohorts based on prior treatment and type of MET alteration. A total of 97 patients, from cohorts 4 (pretreated) and 5b (no previous treatment), had MET exon 14 skipping mutations. Among pretreated (1-2 lines of therapy) patients with NSCLC with a MET exon 14 skipping mutation, overall response was observed in 41% (95% confidence interval [CI], 29 to 53) of 69 patients. Overall response rate was 68% (95% CI, 48 to 84) of 28 patients who had not received treatment previously. The median duration of response was 9.7 months (95% CI, 5.6 to 13.0) for cohort 4 and 12.6 months (95% CI, 5.6 to could not be estimated) for cohort 5b.",32877583,PubMed,,"Wolf et al., 2020",NCT02414139,4,accepted,8847,Somatic,2023-01-09 21:46:32 UTC,https://civicdb.org/links/evidence_items/8847,https://civicdb.org/links/molecular_profiles/320,False
v::RET Fusion,1595,Lung Non-small Cell Carcinoma,3908.0,,Selpercatinib,,Predictive,Supports,B,Sensitivity/Response,"Patients with RET-fusion positive non-small cell lung cancer were enrolled in this phase 1-2 trial of RET inhibitor selpercatinib. Among 105 consecutively enrolled patients who had previously received at least platinum-based chemotherapy, the percentage with an objective response was 64% (95% confidence interval [CI], 54 to 73). The median duration of response was 17.5 months (95% CI, 12.0 to could not be evaluated), and 63% of the responses were ongoing at a median follow-up of 12.1 months. Among 39 previously untreated patients, the percentage with an objective response was 85% (95% CI, 70 to 94), and 90% of the responses were ongoing at 6 months. Among 11 patients with measurable central nervous system metastasis at enrollment, the percentage with an objective intracranial response was 91% (95% CI, 59 to 100).",32846060,PubMed,,"Drilon et al., 2020",NCT03157128,4,accepted,8850,Somatic,2023-01-09 21:46:47 UTC,https://civicdb.org/links/evidence_items/8850,https://civicdb.org/links/molecular_profiles/1595,False
RET Mutation,1598,Medullary Thyroid Carcinoma,3973.0,,Selpercatinib,,Predictive,Supports,A,Sensitivity/Response,"In this international phase 1/2 trial (NCT03157128), 55 RET-mutant medullary thyroid cancer patients who had previously received the multi-kinase inhibitors vandetanib and/or cabozantinib received the highly selective RET-inhibitor selpercatinib. Response in this previously treated population was 69% (95% CI, 55 to 81) with 5 complete responses (CR) and 33 partial responses (PR). The 1-year progression-free survival was 82% (95% CI, 69 to 90). In 88 patients with RET-mutant medullary thyroid cancer who had not previously received vandetanib or cabozantinib, the response rate was 73% (95% CI, 62 to 82) with 10 CR and 54 PR. The 1-year progression-free survival was 92% (95% CI, 82 to 97). The most frequent RET mutations overall included RET M918T (57%)in the kinase domain, RET mutations in extracellular cysteines residues at positions 609, 611, 618, 620, 630, and 634 (19%), and the RET V804M/L (7.6%) gatekeeper mutation. Responses were seen across all qualifying RET mutations including the V804M/L gatekeeper which is an acquired resistance mechanism seen with vandetanib and cabozantinib treatment.",32846061,PubMed,,"Wirth et al., 2020",NCT03157128,4,accepted,8851,Unknown,2023-07-05 21:38:09 UTC,https://civicdb.org/links/evidence_items/8851,https://civicdb.org/links/molecular_profiles/1598,False
v::RET Fusion,1595,Thyroid Cancer,1781.0,,Selpercatinib,,Predictive,Supports,A,Sensitivity/Response,"In this phase 1/2 trial (NCT03157128), patients with RET altered thyroid cancers were enrolled to receive the highly selective RET inhibitor selpercatinib. Among 19 patients with previously treated RET fusion positive thyroid cancer, the percentage who had a response was 79% (95% CI, 54 to 94), and 1-year progression-free survival was 64% (95% CI, 37 to 82). Responses included 8 of 11 (73%) papillary thyroid cancers, 2 of 3 poorly differentiated thyroid cancers, 1 of 2 anaplastic thyroid cancers, and 1 of 1 Hurthle-cell thyroid cancer. The most common fusions were CCDC6::RET and NCOA4::RET seen in 47% and 32% of fusion cases respectively.",32846061,PubMed,,"Wirth et al., 2020",NCT03157128,4,accepted,8852,Somatic,2023-08-11 17:56:07 UTC,https://civicdb.org/links/evidence_items/8852,https://civicdb.org/links/molecular_profiles/1595,False
BRAF V600E,12,Papillary Thyroid Carcinoma,3969.0,,Vemurafenib,,Predictive,Supports,B,Sensitivity/Response,"Open label phase 2 (Clinical Level B) trial including patients from across the globe (USA, Italy, and the Netherlands) investigating sensitivity to Vemurafenib in patients that have BRAF V600E-positive papillary thyroid cancer that have become resistant to radioactive iodine (the standard treatment). There were 116 patients identified for this trial, 51 of which met the conditions to be included. These 51 patients were split into two cohorts: 1) patients that had never been treated with a multikinase inhibitor targeting VEGFR and 2) patients that have previously been treated with a VEGFR multikinase inhibitor. In cohort 1, ten of 26 patients had best overall response. Best overall response was defined as the proportion of patients with a complete or partial response, however these ten patients were all partial response. In the same cohort 1, nine had achieved stable disease control for at least six months; therefore, 19 patients achieved disease control (73% of total cohort 1, 95% CI 52-88). In cohort 2, of 23 eligible patients, six had a partial response as best overall response and six had stable disease control for at least six months; therefore, 12 patients achieved disease control. (55% of total cohort 2, 95% CI 32-76). The authors conclude that vemurafenib is a potential treatment option for late-stage BRAF V600E-positive papillary thyroid cancer for treatment in patients na√Øve to a multikinase inhibitor (Cohort 1) and to patients that have been previously treated with a multikinase inhibitor (Cohort 2).",27460442,PubMed,,"Brose et al., 2016",NCT01286753,4,accepted,9018,Somatic,2023-01-09 21:46:25 UTC,https://civicdb.org/links/evidence_items/9018,https://civicdb.org/links/molecular_profiles/12,False
KRAS G12C,78,Lung Non-small Cell Carcinoma,3908.0,,Sotorasib,,Predictive,Supports,A,Sensitivity/Response,"The phase II cohort of the CodeBreaK 100 study (NCT03600883) investigated the activity of the KRAS G12C inhibitor sotorasib in previously treated patients with KRAS G12C-mutated non-small cell lung cancer. A total of 124 patients had measurable disease and were evaluated for response by independent central review. Complete response was seen in four patients and partial response in 42 patients, for an objective response rate of 37.1% (95% CI, 28.6 to 46.2). The median progression-free survival and overall survival were 6.8 (95% CI, 5.1 to 8.2) months and 12.5 months (95% CI, 10.0 to could not be evaluated), respectively.",34096690,PubMed,,"Skoulidis et al., 2021",NCT03600883,5,accepted,9431,Somatic,2023-01-09 21:46:27 UTC,https://civicdb.org/links/evidence_items/9431,https://civicdb.org/links/molecular_profiles/78,False
BRAF V600E,12,Colorectal Cancer,9256.0,,"Cetuximab,Encorafenib",Combination,Predictive,Supports,A,Sensitivity/Response,"The open-label phase 3 BEACON CRC trial included 665 patients with BRAF V600E-mutated metastatic CRC. Patients were randomly assigned in a 1:1:1 ratio to receive encorafenib, binimetinib, and cetuximab (triplet-therapy group); encorafenib and cetuximab (doublet-therapy group); or the investigators‚Äô choice of either cetuximab and irinotecan or cetuximab and FOLFIRI. The median overall survival was 8.4 months (95% CI, 7.5 to 11.0) in the doublet-therapy group and 5.4 months (95% CI, 4.8 to 6.6) in the control group, with a significantly lower risk of death compared to the control group (hazard ratio for death doublet-group vs. control, 0.60; 95% CI, 0.45 to 0.79; P<0.001). The confirmed response rate was 26% (95% CI, 18 to 35) in the triplet-therapy group, 20% in the doublet-therapy group (95% CI 13 to 29) and 2% (95% CI, 0 to 7) in the control group (doublet group vs. control P<0.001). Median PFS was 4.2 months (95% CI, 3.7 to 5.4) in the doublet-therapy group, and 1.5 months (95% CI, 1.5 to 1.7) in the control group (hazard ratio for disease progression doublet-group vs control, 0.40; 95% CI, 0.31 to 0.52, P<0.001).",31566309,PubMed,,"Kopetz et al., 2019",NCT02928224,5,accepted,9851,Somatic,2023-01-09 21:46:25 UTC,https://civicdb.org/links/evidence_items/9851,https://civicdb.org/links/molecular_profiles/12,False
IGF1R Overexpression,3128,Breast Cancer,1612.0,,"Exemestane,Metformin",Combination,Predictive,Supports,B,Sensitivity/Response,"A randomized phase III trial of hormone sensitive (ER or PR positive) early stage breast cancer (Dutch TEAM cohort, n=2,446) examined the addition of metformin to exemestane for 155 patients. IGF1R IHC was performed and patients classified as IGF1R high (n=105) or low (n=50). In IGF1R-high patients, combining metformin with exemestane was associated with significant RFS (HR 1.12, 95% CI 0.57‚Äì2.23 for sequential treatment with metformin, HR 0.73 95% CI 0.56‚Äì0.94 for exemestane only, and HR 0.32, 95% CI 0.10‚Äì1.00 for exemestane with metformin, p = 0.02, compared to the sequential treatment arm). There was also significant association with OS (HR for OS 1.72, 95% CI 0.96‚Äì3.08 for sequential treatment with metformin, HR 0.80, 95% CI 0.62‚Äì1.03 for exemestane only, and HR 0.67, 95% CI 0.31‚Äì1.45 for exemestane with metformin, p = 0.03, compared to the sequential treatment arm). The authors conclude that adding metformin to exemestane for patients with IGF1R-high expression may have clinical benefit.",26706833,PubMed,,"Engels et al., 2016",,4,accepted,10138,,2023-01-09 21:47:07 UTC,https://civicdb.org/links/evidence_items/10138,https://civicdb.org/links/molecular_profiles/3128,False
ERBB2 Exon 20 Insertion,2723,Lung Non-small Cell Carcinoma,3908.0,,Trastuzumab Deruxtecan,,Predictive,Supports,B,Sensitivity/Response,"In a phase 2 trial, 91 patients with ERBB2-mutant metastatic non-small-cell lung cancer, refractory to standard treatment, were treated with trastuzumab deruxtecan. The objective response was 55% (95% CI, 44 to 65), the median duration of response was 9.3 months (95% CI 5.7 to 14.7), the median PFS was 8.2 months (95% CI 6.0 to 11.9), and the median OS was 17.8 months (95% CI 13.8 to 22.1). 81 of 91 patients had an Exon 20 Insertion mutation and 46 of 78 evaluable patients with this mutation type had a partial response (PR).",34534430,PubMed,,"Li et al., 2022",NCT03505710,5,accepted,10140,Somatic,2023-01-09 21:47:03 UTC,https://civicdb.org/links/evidence_items/10140,https://civicdb.org/links/molecular_profiles/2723,False
SLC29A1 Overexpression,3596,Pancreatic Adenocarcinoma,4074.0,,Gemcitabine,,Predictive,Supports,B,Sensitivity/Response,"Surgically resected PDACs were used to create tissue microarrays, which were scored for antibody staining of hENT1 (SLC29A1). For patients treated with gemcitabine (n=243), high levels of hENT1 were associated with longer survival time in Kaplan-Meier survival analysis (HR 0.43, 95% CI 0.29-0.63, P < .0001) and by multivariate proportional hazards model (HR 0.34, 95% CI 0.22-0.53, P < .0001). For patients treated with surgery alone (n=142), there was no association with survival.",22705007,PubMed,,"Mar√©chal et al., 2012",,4,accepted,10145,,2023-01-09 21:47:11 UTC,https://civicdb.org/links/evidence_items/10145,https://civicdb.org/links/molecular_profiles/3596,False
IDH1 R132,58,Cholangiocarcinoma,4947.0,,Ivosidenib,,Predictive,Supports,A,Sensitivity/Response,"The multicenter randomized double-blind phase 3 study included patients with IDH1-mutant cholangiocarcinoma who had progressed on previous therapy. Patients were randomly assigned to Ivosidenib or placebo. Placebo to Ivosidenib crossover was permitted on radiological progression. The primary endpoint was progression-free survival by independent central review. Progression-free survival was significantly improved with Ivosidenib compared with the placebo (median 2.7, vs 1.4 months; hazard ratio 0.37; 95% CI 0.25-0.54; one-side p<0.0001). Median overall survival was 10.8 months for the Ivosidenib group versus 9.7 months for the placebo group (HR 0.69 [95% CI 0.44-1.10]; p=0.060) in which 35 patients were crossover from the placebo group. In a prespecified exploratory analysis, the rank-preserving structural failure time (RPSFT) method was used to reconstruct the survival curve for patients receiving a placebo as if crossover had never occurred. RPSFT assumes that the treatment effect is the same for all patients, regardless of when the treatment is given. The RPSFT-adjusted median overall survival was 6.0 months for the placebo group (HR 0.46 [95% CI 0.28-0.75]; p=0.0008).",32416072,PubMed,,"Abou-Alfa et al., 2020",NCT02989857,5,accepted,10886,Somatic,2023-01-09 21:46:26 UTC,https://civicdb.org/links/evidence_items/10886,https://civicdb.org/links/molecular_profiles/58,False
EZH2 Y646S OR EZH2 Y646F OR EZH2 Y646H OR EZH2 Y646C OR EZH2 Y646N OR EZH2 A692V OR EZH2 A682G,4344,Follicular Lymphoma,50873.0,,Tazemetostat,,Predictive,Supports,B,Sensitivity/Response,"This phase II study involved 17 Japanese adult patients with relapsed/refractory follicular lymphoma (FL), previously treated with chemotherapy without an available standard therapy. The patients harbored EZH2 activating mutations and were recruited to test the efficacy and safety of the EZH2 inhibitor- Tazemetostat. Tazemetostat was given at 800 mg dose twice a day for 28-days cycle. The objective response rate in this cohort was 76.5%, including six patients who had a complete response and seven who had partial response. The remaining three patients had stable disease status. Finally, the median progression‚Äêfree survival was not reached at the median follow‚Äêup of 12.9 months. The authors highlight the efficacy and manageable safety profile of Tazemetostat in refractory/relapsed FL.",34159682,PubMed,,"Izutsu et al., 2021",,4,accepted,11109,Somatic,2023-03-08 23:25:20 UTC,https://civicdb.org/links/evidence_items/11109,https://civicdb.org/links/molecular_profiles/4344,False
v::ALK Fusion,495,Lung Non-small Cell Carcinoma,3908.0,,Brigatinib,,Predictive,Supports,A,Sensitivity/Response,"The phase III ALTA-1L open-label randomized trial examined 275 NSCLC patients given brigatinib (137 patients) vs crizotinib (138 patients). Patients were ALK fusion positive by an FDA-approved diagnostic test and had not previously received ALK inhibitors. Brigatinib showed superior PFS compared to crizotinib (HR 0.49 [95% CI, 0.35 to 0.68]; log-rank P < .0001; median, 24.0 v 11.0 months). Initial results from this trial were previously reported in 2018 (PMID: 30280657).",32780660,PubMed,,"Camidge et al., 2020",NCT02737501,5,accepted,11121,Somatic,2023-03-03 20:20:57 UTC,https://civicdb.org/links/evidence_items/11121,https://civicdb.org/links/molecular_profiles/495,False
v::ROS1 Fusion,2562,Lung Non-small Cell Carcinoma,3908.0,,Entrectinib,,Predictive,Supports,A,Sensitivity/Response,"Describes a meta-analysis of three separate phase I or II trials: ALKA-372-001, STARTRK-1, and STARTRK-2. All of these evaluate entrectinib in ROS-1 fusion-positive NSCLC (locally advanced or metastatic, no previous ROS1 tyrosine kinase inhibitors). 41/53 patients had objective response (77%; 95% CI 64‚Äî88). Median duration of response was 24¬∑6 months (95% CI 11¬∑4‚Äì34¬∑8) with median follow-up of 15¬∑5 months (IQR 13¬∑4‚Äì20¬∑2). Fusions included: CD74-ROS1 (21), SLC34A2-ROS1 (7), SDC4-ROS1 (6), EZR-ROS1 (5), TPM3-ROS1 (2), and unknown partner because results were only from FISH (12).",31838015,PubMed,,"Drilon et al., 2020","NCT02097810,NCT02568267",5,accepted,11123,Somatic,2024-01-25 21:15:02 UTC,https://civicdb.org/links/evidence_items/11123,https://civicdb.org/links/molecular_profiles/2562,False
v::NTRK1 Fusion,415,Solid Tumor,,,Entrectinib,,Predictive,Supports,A,Sensitivity/Response,"Describes a meta-analysis of three separate phase I or II trials: ALKA-372-001, STARTRK-1, and STARTRK-2. All of these evaluate entrectinib in NTRK fusion-positive solid tumours. 31/54 had objective response (57%; 95% CI 43¬∑2‚Äì70¬∑8), including 4 CR and 27 PR. 9 had SD. Response by NTRK gene type: 13/22 NTRK1 fusions [59%; 95% CI 36¬∑4‚Äì79¬∑3], 18/31 NTRK3 fusions [58%; 39¬∑1‚Äì75¬∑5], and 0/1 NTRK2 fusion. Most frequent tumour types were sarcoma, NSCLC, salivary, breast, thyroid, colorectal. Most common fusions were ETV6-NTRK3 (25), TPM3-NTRK1 (4) and TPR-NTRK1 (4).",31838007,PubMed,,"Doebele et al., 2020","NCT02568267,NCT02097810,NCT02650401",5,accepted,11124,Somatic,2023-05-09 21:03:43 UTC,https://civicdb.org/links/evidence_items/11124,https://civicdb.org/links/molecular_profiles/415,False
v::NTRK3 Fusion,1251,Solid Tumor,,,Entrectinib,,Predictive,Supports,A,Sensitivity/Response,"Describes a meta-analysis of three separate phase I or II trials: ALKA-372-001, STARTRK-1, and STARTRK-2. All of these evaluate entrectinib in NTRK fusion-positive solid tumours. 31/54 had objective response (57%; 95% CI 43¬∑2‚Äì70¬∑8), including 4 CR and 27 PR. 9 had SD. Response by NTRK gene type: 13/22 NTRK1 fusions [59%; 95% CI 36¬∑4‚Äì79¬∑3], 18/31 NTRK3 fusions [58%; 39¬∑1‚Äì75¬∑5], and 0/1 NTRK2 fusion. Most frequent tumour types were sarcoma, NSCLC, salivary, breast, thyroid, colorectal. Most common fusions were ETV6-NTRK3 (25), TPM3-NTRK1 (4) and TPR-NTRK1 (4).",31838007,PubMed,,"Doebele et al., 2020","NCT02568267,NCT02097810,NCT02650401",5,accepted,11125,Somatic,2023-05-09 21:05:14 UTC,https://civicdb.org/links/evidence_items/11125,https://civicdb.org/links/molecular_profiles/1251,False
BRCA1 Mutation,185,Ovarian Cancer,2394.0,,Rucaparib,,Predictive,Supports,A,Sensitivity/Response,"Combined meta-analysis of Study 10 (NCT01482715, phase I/II) and ARIEL2 (NCT01891344, phase II), both multi-centre, open-label, single-arm trials evaluating rucaparib in ovarian cancer with BRCA1 or BRCA2 deleterious germline or somatic mutations. Mutation status was determined by local testing or by central Foundation Medicine sequencing. Of 106 patients, OR was 53.8% (95% CI, 43.8-63.5); 8.5% and 45.3% of patients achieved complete and partial responses, respectively. Median duration of response was 9.2 months (95% CI, 6.6-11.6). Response rates by gene/mutation: BRCA1/2 germline (n=88, OR 53.4); BRCA1/2 somatic (n=18, OR 55.6); BRCA1 (n=67, OR 53.7); BRCA2 (n=39, OR 53.8).",28882436,PubMed,,"Oza et al., 2017",,5,accepted,11136,Somatic,2023-09-28 17:15:36 UTC,https://civicdb.org/links/evidence_items/11136,https://civicdb.org/links/molecular_profiles/185,False
BRCA2 Mutation,186,Ovarian Cancer,2394.0,,Rucaparib,,Predictive,Supports,A,Sensitivity/Response,"Combined meta-analysis of Study 10 (NCT01482715, phase I/II) and ARIEL2 (NCT01891344, phase II), both multi-centre, open-label, single-arm trials evaluating rucaparib in ovarian cancer with BRCA1 or BRCA2 deleterious germline or somatic mutations. Mutation status was determined by local testing or by central Foundation Medicine sequencing. Of 106 patients, OR was 53.8% (95% CI, 43.8-63.5); 8.5% and 45.3% of patients achieved complete and partial responses, respectively. Median duration of response was 9.2 months (95% CI, 6.6-11.6). Response rates by gene/mutation: BRCA1/2 germline (n=88, OR 53.4); BRCA1/2 somatic (n=18, OR 55.6); BRCA1 (n=67, OR 53.7); BRCA2 (n=39, OR 53.8).",28882436,PubMed,,"Oza et al., 2017",,5,accepted,11137,Somatic,2023-09-28 17:16:11 UTC,https://civicdb.org/links/evidence_items/11137,https://civicdb.org/links/molecular_profiles/186,False
BRCA1 Mutation,185,Ovarian Cancer,2394.0,,Rucaparib,,Predictive,Supports,A,Sensitivity/Response,"Combined meta-analysis of Study 10 (NCT01482715, phase I/II) and ARIEL2 (NCT01891344, phase II), both multi-centre, open-label, single-arm trials evaluating rucaparib in ovarian cancer with BRCA1 or BRCA2 deleterious germline or somatic mutations. Mutation status was determined by local testing or by central Foundation Medicine sequencing. Of 106 patients, OR was 53.8% (95% CI, 43.8-63.5); 8.5% and 45.3% of patients achieved complete and partial responses, respectively. Median duration of response was 9.2 months (95% CI, 6.6-11.6). Response rates by gene/mutation: BRCA1/2 germline (n=88, OR 53.4); BRCA1/2 somatic (n=18, OR 55.6); BRCA1 (n=67, OR 53.7); BRCA2 (n=39, OR 53.8).",28882436,PubMed,,"Oza et al., 2017",,5,accepted,11138,Rare Germline,2023-09-28 17:16:22 UTC,https://civicdb.org/links/evidence_items/11138,https://civicdb.org/links/molecular_profiles/185,False
BRCA2 Mutation,186,Ovarian Cancer,2394.0,,Rucaparib,,Predictive,Supports,A,Sensitivity/Response,"Combined meta-analysis of Study 10 (NCT01482715, phase I/II) and ARIEL2 (NCT01891344, phase II), both multi-centre, open-label, single-arm trials evaluating rucaparib in ovarian cancer with BRCA1 or BRCA2 deleterious germline or somatic mutations. Mutation status was determined by local testing or by central Foundation Medicine sequencing. Of 106 patients, OR was 53.8% (95% CI, 43.8-63.5); 8.5% and 45.3% of patients achieved complete and partial responses, respectively. Median duration of response was 9.2 months (95% CI, 6.6-11.6). Response rates by gene/mutation: BRCA1/2 germline (n=88, OR 53.4); BRCA1/2 somatic (n=18, OR 55.6); BRCA1 (n=67, OR 53.7); BRCA2 (n=39, OR 53.8).",28882436,PubMed,,"Oza et al., 2017",,5,accepted,11139,Rare Germline,2023-09-28 17:16:26 UTC,https://civicdb.org/links/evidence_items/11139,https://civicdb.org/links/molecular_profiles/186,False
BRCA1 Loss-of-function,131,Her2-receptor Negative Breast Cancer,60080.0,,Olaparib,,Predictive,Supports,A,Sensitivity/Response,"Report of OlympiA (NCT02032823), a randomized, double-blind, placebo-controlled study of 1836 patients with HER2-negative breast cancer with germline pathogenic or likely pathogenic mutations in BRCA1 or BRCA2. Patients were early stage but had completed chemotherapy; ER/PR+ patients could also have concurrent hormone therapy. 82% of patients were triple negative. 72% of patients had BRCA1 germline mutations, 27% had BRCA2, and 0.4% both. 921 patients received olaparib and 915 placebo. Invasive disease-free survival (IDFS) showed improvement with olaparib treatment (86% vs 77%, HR 0.58 [0.41 to 0.82], P<0.001). For overall survival, deaths in the olaparib arm were lower (59 vs 86, HR 0.68 [0.44 to 1.05], P=0.02). The IDFS benefit was independent of whether mutation was in BRCA1 (HR=0.52, 0.39-0.70) or BRCA2 (HR 0.52, 0.30-0.86).",34081848,PubMed,,"Tutt et al., 2021",NCT02032823,5,accepted,11201,Rare Germline,2023-04-18 23:03:56 UTC,https://civicdb.org/links/evidence_items/11201,https://civicdb.org/links/molecular_profiles/131,False
BRCA2 Loss-of-function,132,Her2-receptor Negative Breast Cancer,60080.0,,Olaparib,,Predictive,Supports,A,Sensitivity/Response,"Report of OlympiA (NCT02032823), a randomized, double-blind, placebo-controlled study of 1836 patients with HER2-negative breast cancer with germline pathogenic or likely pathogenic mutations in BRCA1 or BRCA2. Patients were early stage but had completed chemotherapy; ER/PR+ patients could also have concurrent hormone therapy. 82% of patients were triple negative. 72% of patients had BRCA1 germline mutations, 27% had BRCA2, and 0.4% both. 921 patients received olaparib and 915 placebo. Invasive disease-free survival (IDFS) showed improvement with olaparib treatment (86% vs 77%, HR 0.58 [0.41 to 0.82], P<0.001). For overall survival, deaths in the olaparib arm were lower (59 vs 86, HR 0.68 [0.44 to 1.05], P=0.02). The IDFS benefit was independent of whether mutation was in BRCA1 (HR=0.52, 0.39-0.70) or BRCA2 (HR 0.52, 0.30-0.86).",34081848,PubMed,,"Tutt et al., 2021",NCT02032823,5,accepted,11202,Rare Germline,2023-04-18 22:39:26 UTC,https://civicdb.org/links/evidence_items/11202,https://civicdb.org/links/molecular_profiles/132,False
BRCA1 Mutation,185,Castration-resistant Prostate Carcinoma,80909.0,,Olaparib,,Predictive,Supports,A,Sensitivity/Response,"This randomized, open-label, phase 3 trial evaluated the PARP inhibitor olaparib in 387 men with metastatic castration-resistant prostate cancer (mCRPC) who had disease progression while receiving a new hormonal agent (e.g., enzalutamide or abiraterone). The study found that in men with mCRPC who had somatic or germline deleterious alterations (irrespective of zygosity) in any of the following HRR genes (BRCA1, BRCA2, ATM, BRIP1, BARD1, CDK12, CHEK1, CHEK2, FANCL, PALB2, PPP2R2A, RAD51B, RAD51C, RAD51D, and RAD54L), olaparib was associated with longer progression-free survival and better measures of response and patient-reported end points than either enzalutamide or abiraterone (PFS HR 0.49 [0.38, 0.63]). For 15 patients with BRCA1 mutations specifically, PFS HR 0.41 [0.13-1.39]. . Based on the results of this study, on May 19, 2020, the Food and Drug Administration approved olaparib (LYNPARZA) for adult patients with deleterious or suspected deleterious germline or somatic HRR gene-mutated mCRPC, who have progressed following prior treatment with enzalutamide or abiraterone.",32343890,PubMed,,"de Bono et al., 2020",NCT02987543,4,accepted,11203,Unknown,2024-04-27 08:41:58 UTC,https://civicdb.org/links/evidence_items/11203,https://civicdb.org/links/molecular_profiles/185,True
CDK12 Mutation,2633,Castration-resistant Prostate Carcinoma,80909.0,,Olaparib,,Predictive,Supports,A,Sensitivity/Response,"This randomized, open-label, phase 3 trial evaluated the PARP inhibitor olaparib in 387 men with metastatic castration-resistant prostate cancer (mCRPC) who had disease progression while receiving a new hormonal agent (e.g., enzalutamide or abiraterone). The study found that in men with mCRPC who had somatic or germline deleterious alterations (irrespective of zygosity) in any of the following HRR genes (BRCA1, BRCA2, ATM, BRIP1, BARD1, CDK12, CHEK1, CHEK2, FANCL, PALB2, PPP2R2A, RAD51B, RAD51C, RAD51D, and RAD54L), olaparib was associated with longer progression-free survival and better measures of response and patient-reported end points than either enzalutamide or abiraterone (PFS HR 0.49 [0.38, 0.63]). For 99 patients with CDK12 mutations specifically, PFS HR 0.74 [0.44-1.31]. Based on the results of this study, on May 19, 2020, the Food and Drug Administration approved olaparib (LYNPARZA) for adult patients with deleterious or suspected deleterious germline or somatic HRR gene-mutated mCRPC, who have progressed following prior treatment with enzalutamide or abiraterone.",32343890,PubMed,,"de Bono et al., 2020",NCT02987543,4,accepted,11204,Unknown,2024-04-27 08:41:58 UTC,https://civicdb.org/links/evidence_items/11204,https://civicdb.org/links/molecular_profiles/2633,True
BRCA1 Loss-of-function,131,Triple-receptor Negative Breast Cancer,60081.0,,Olaparib,,Predictive,Supports,A,Sensitivity/Response,"Report of OlympiA (NCT02032823), a randomized, double-blind, placebo-controlled study of 1836 patients with HER2-negative breast cancer with germline pathogenic or likely pathogenic mutations in BRCA1 or BRCA2. Patients were early stage but had completed chemotherapy; ER/PR+ patients could also have concurrent hormone therapy. 82% of patients were triple negative. 72% of patients had BRCA1 germline mutations, 27% had BRCA2, and 0.4% both. 921 patients received olaparib and 915 placebo. Invasive disease-free survival (IDFS) showed improvement with olaparib treatment (86% vs 77%, HR 0.58 [0.41 to 0.82], P<0.001). For overall survival, deaths in the olaparib arm were lower (59 vs 86, HR 0.68 [0.44 to 1.05], P=0.02). The IDFS benefit was independent of whether mutation was in BRCA1 (HR=0.52, 0.39-0.70) or BRCA2 (HR 0.52, 0.30-0.86).",34081848,PubMed,,"Tutt et al., 2021",NCT02032823,5,accepted,11216,Rare Germline,2023-04-22 00:54:56 UTC,https://civicdb.org/links/evidence_items/11216,https://civicdb.org/links/molecular_profiles/131,False
BRCA2 Loss-of-function,132,Triple-receptor Negative Breast Cancer,60081.0,,Olaparib,,Predictive,Supports,A,Sensitivity/Response,"Report of OlympiA (NCT02032823), a randomized, double-blind, placebo-controlled study of 1836 patients with HER2-negative breast cancer with germline pathogenic or likely pathogenic mutations in BRCA1 or BRCA2. Patients were early stage but had completed chemotherapy; ER/PR+ patients could also have concurrent hormone therapy. 82% of patients were triple negative. 72% of patients had BRCA1 germline mutations, 27% had BRCA2, and 0.4% both. 921 patients received olaparib and 915 placebo. Invasive disease-free survival (IDFS) showed improvement with olaparib treatment (86% vs 77%, HR 0.58 [0.41 to 0.82], P<0.001). For overall survival, deaths in the olaparib arm were lower (59 vs 86, HR 0.68 [0.44 to 1.05], P=0.02). The IDFS benefit was independent of whether mutation was in BRCA1 (HR=0.52, 0.39-0.70) or BRCA2 (HR 0.52, 0.30-0.86).",34081848,PubMed,,"Tutt et al., 2021",NCT02032823,5,accepted,11217,Rare Germline,2025-11-28 19:11:45 UTC,https://civicdb.org/links/evidence_items/11217,https://civicdb.org/links/molecular_profiles/132,True
v::ALK Fusion,495,Anaplastic Large Cell Lymphoma,50744.0,,Crizotinib,,Predictive,Supports,A,Sensitivity/Response,This trial enrolled 26 patients with anaplastic large cell lymphoma (ALCL). The groups received twice daily crizotinib at doses of either 165 or 280 mg/m2. 83% of the 165 mg/m2 ALCL patients had a complete response with a median treatment time of 2.79 years versus 80% of the 280 mg/m2 group with a median treatment time of 0.4 years. The most common drug-related adverse event was a decrease in neutrophil count in 33% of the patients dosed at 165 mg/m2 and 70% of the patients dosed at 290 mg/m2.,28787259,PubMed,,"Moss√© et al., 2017",,4,accepted,11218,Somatic,2023-06-27 18:33:44 UTC,https://civicdb.org/links/evidence_items/11218,https://civicdb.org/links/molecular_profiles/495,False
EGFR L858R OR EGFR Exon 19 Deletion,4432,Lung Non-small Cell Carcinoma,3908.0,,Osimertinib,,Predictive,Supports,A,Sensitivity/Response,"In this phase 3, double-blind trial, 682 patients were randomly assigned 1:1 to either osimertinib (80 mg once daily) or placebo for 3 years following complete resection of EGFR mutation positive (exon 19 deletion or L858R) non-small cell lung cancer (NSCLC). At two years, 90% of the patients with stage II to IIIA disease in the osimertinib group (95% CI, 84 to 93) and 44% of those in the placebo group (95% CI, 37 to 51) were alive and disease-free (HR for disease recurrence or death, 0.17; 99.06% CI, 0.11 to 0.26; P < 0.001). Including all patients, 89% in the osimertinib group (95% CI, 85 to 92) and 52% of those in the placebo group (95% CI, 46 to 58) were alive and disease-free at two years (HR for disease recurrence or death, 0.20; 99.12% CI, 0.14 to 0.30; P < 0.001). In total, 29 patients died (9 in the osimertinib group and 20 in the placebo group), and grade 3 adverse events occurred in 20% of the osimertinib group versus 13% of the placebo group while 16% of the osimertinib group experienced serious adverse events versus 12% in the placebo group.",32955177,PubMed,,"Wu et al., 2020",NCT02511106,5,accepted,11219,Somatic,2023-05-09 20:07:40 UTC,https://civicdb.org/links/evidence_items/11219,https://civicdb.org/links/molecular_profiles/4432,False
EGFR Exon 20 Insertion,707,Lung Non-small Cell Carcinoma,3908.0,,Amivantamab,,Predictive,Supports,A,Sensitivity/Response,"In this phase 1, open-label, dose-escalation trial, 81 patients with NSCLC involving an EGFR exon 20 insertion in phase 2 of the study were administered 1,050 mg amivantamab (1,400 mg if > 80 kg) given once weekly for the first month and then once every two weeks starting at week five based of phase 1 of the trial determining the recommended dose. The overall response rate was 40% (95% CI: 29 - 51), including three complete responses. The median duration of response of 11.1 months (95% CI: 6.9 - not reached) and the median progression-free survival was 8.3 months (95% CI: 6.5 - 10.9).",34339292,PubMed,,"Park et al., 2021",NCT02609776,4,accepted,11227,Somatic,2023-12-07 19:42:33 UTC,https://civicdb.org/links/evidence_items/11227,https://civicdb.org/links/molecular_profiles/707,False
EGFR Exon 20 Insertion,707,Lung Non-small Cell Carcinoma,3908.0,,Mobocertinib,,Predictive,Supports,A,Sensitivity/Response,"In this open-label phase1/2 trial, 114 patients with EGFR exon 20 insertion NSCLC who were previously treated with platinum received 160 mg mobocertinib once daily. The primary endpoint was confirmed objective response rate (ORR). The median follow-up period was 14.2 months, with a confirmed ORR of 28% (95% CI: 20% - 37%) by independent review committee (IRC) assessment and 35% (95% CI: 26% - 45%) by investigator assessment. The median duration of response was 17.5 months (95% CI: 7.4 - 20.3) by IRC assessment. Further, the median progression-free survival was 7.3 months (95% CI: 5.5 - 9.2) by IRC assessment. Lastly, the median overall survival was 24.0 months (95% CI: 14.6 - 28.8). 19 of 114 patients discontinued treatment because of adverse effects, dose reductions due to an adverse effect occurred in 29 of 114 patients, and response rates were greater in the 85 patients without dose reduction.",34647988,PubMed,,"Zhou et al., 2021",NCT02716116,4,accepted,11228,Somatic,2023-12-07 19:49:41 UTC,https://civicdb.org/links/evidence_items/11228,https://civicdb.org/links/molecular_profiles/707,False
FGFR2::v Fusion OR FGFR2::? Fusion,4685,Cholangiocarcinoma,4947.0,,Infigratinib,,Predictive,Supports,A,Sensitivity/Response,"This open-label phase 2 trial included 122 patients with histologically or cytologically confirmed, locally advanced or metastatic cholangiocarcinoma, 108 of whom had an FGFR2 fusion or rearrangement. Each patient received 125 mg of oral infigratinib once daily for 21 days of 28-day cycles and this was continued until there was disease progression, intolerance, withdrawal of consent, or death. Median follow-up of 10.6 months (IQR: 6.2 ‚Äì 15.6) and the objective response rate was 23.1% (95% CI: 15.6 ‚Äì 32.2), with one confirmed complete response and 24 partial responses. The median progression-free survival was 7.3 months (95% CI: 5.6 ‚Äì 7.6) and the median overall survival was 12.2 months (95% CI: 10.7 ‚Äì 14.9). There were 61 grade 3 adverse events, and 9 grade 4 adverse events, however, there were no treatment-related deaths.",34358484,PubMed,,"Javle et al., 2021",NCT02150967,4,accepted,11230,Somatic,2024-08-19 14:01:36 UTC,https://civicdb.org/links/evidence_items/11230,https://civicdb.org/links/molecular_profiles/4685,False
v::RET Fusion,1595,Lung Non-small Cell Carcinoma,3908.0,,Pralsetinib,,Predictive,Supports,A,Sensitivity/Response,"In an open-label, phase 1/2 trial on 87 patients with NSCLC including RET-fusion were given 400 mg once-daily oral pralsetinib, with the outcome measured as overall response rate. Overall responses were seen in 53 patients (95% CI: 50 ‚Äì 71),nicluding five patients with a complete response. Further, 80% of the patients had responses lasting at least 6 months. Lastly, the median progression-free survival was 17.1 months (95% CI: 8.3 ‚Äì 22.1).",34118197,PubMed,,"Gainor et al., 2021",NCT03037385,4,accepted,11233,Somatic,2023-08-17 22:41:56 UTC,https://civicdb.org/links/evidence_items/11233,https://civicdb.org/links/molecular_profiles/1595,False
v::RET Fusion,1595,Thyroid Cancer,1781.0,,Pralsetinib,,Predictive,Supports,A,Sensitivity/Response,"In a phase 1/2, open-label trial, 122 patients with RET-mutant medullary cancer and 20 with RET-fusion positive thyroid cancer were administered 400 mg daily oral pralsetinib. The overall response rates (ORR) were 15/21 in patients with treatment-naive RET-mutant medullary thyroid cancer (95% CI: 48 - 89) and 33 of 55 who had previously received cabozantinib or vandetanib, or both (95% CI: 46 - 73), and 8/9 in patients with RET fusion-positive thyroid cancer (95% CI: 52 - 100). For the 8/9 patients with RET fusion-positive thyroid cancer, all had responses lasting 6 months or longer.",34118198,PubMed,,"Subbiah et al., 2021",NCT03037385,4,accepted,11234,Somatic,2024-03-08 23:01:34 UTC,https://civicdb.org/links/evidence_items/11234,https://civicdb.org/links/molecular_profiles/1595,False
BRAF V600,17,Melanoma,1909.0,,"Vemurafenib,Cobimetinib,Atezolizumab",Combination,Predictive,Supports,A,Sensitivity/Response,"In this phase 3, randomised, double-blind, placebo-controlled trial, 514 patients with unresectable stage IIIc‚ÄìIV, BRAFV600 mutation-positive melanoma were randomly assigned to either 28-day cycles of the atezolizumab, vemurafenib, and cobimetinib group or atezolizumab placebo, vemurafenib, and cobimetinib control group on a 1:1 basis. The trials primary outcome was progression-free survival. It was discovered at the median follow-up of 18.9 months (IQR: 10¬∑4 ‚Äì 23¬∑8), that progression-free survival was significantly prolonged with atezolizumab versus control (15.1 vs 10.6 months; hazard ratio: 0.78; 95% CI: 0¬∑63 ‚Äì 0¬∑97; p = 0¬∑025). 13% of patients in the treatment cohort and 16% in the control cohort stopped all treatment due to adverse events.",32534646,PubMed,,"Gutzmer et al., 2020",NCT02908672,4,accepted,11238,Somatic,2024-03-08 23:05:55 UTC,https://civicdb.org/links/evidence_items/11238,https://civicdb.org/links/molecular_profiles/17,False
EGFR L858R OR EGFR Exon 19 Deletion,4432,Lung Non-small Cell Carcinoma,3908.0,,Dacomitinib,,Predictive,Supports,A,Sensitivity/Response,"In this phase 3, open-label, randomized trial, 452 patients with EGFR mutation-positive non-small cell lung cancer including exon 19 deletions and exon 21 L858R point mutations were randomized into cohorts receive either oral dacomitinib 45 mg/day or oral gefitinib 250 mg/day, both in 28-day cycles. The median duration for follow-up for progression-free survival was 22.1 months (95% CI: 20.3 ‚Äì 23.9), and the median progression-free was 14.7 months (95% CI: 11.1 ‚Äì 16.6) in the dacomitinib cohort versus 9.2 months (9.1 ‚Äì 11.0) in the gefitinib group (hazard ratio: 0¬∑59, 95% CI: 0¬∑47 ‚Äì 0¬∑74; p < 0.0001). Treatment-related serious adverse events were observed in 21 patients given dacomitinib and in ten patients given gefitinib. Further, two treatment-related deaths occurred in the dacomitinib group and one in the gefitinib.",28958502,PubMed,,"Wu et al., 2017",NCT01774721,5,accepted,11239,Somatic,2024-02-14 20:15:38 UTC,https://civicdb.org/links/evidence_items/11239,https://civicdb.org/links/molecular_profiles/4432,False
EGFR L858R OR EGFR Exon 19 Deletion,4432,Lung Non-small Cell Carcinoma,3908.0,,"Erlotinib,Ramucirumab",Combination,Predictive,Supports,A,Sensitivity/Response,"In this phase 3, randomized, double-blind, placebo-controlled trial, 449 patients stage IV NSCLC with EGFR exon 19 deletions or exon 21 (L858R) mutations. Patients were randomly assigned in a 1:1 ratio to receive oral erlotinib (150 mg/day) plus either intravenous ramucirumab (10 mg/kg) or matching placebo once every 2 weeks. The primary endpoint was investigator-assessed progression-free survival. The median duration of follow-up was 20.7 months (IQR: 15.8‚Äì27.2), and the progression-free survival was found to be significantly longer in the ramucirumab plus erlotinib group 19.4 months (95% CI: 15.4 ‚Äì 21.6) than in the placebo plus erlotinib group at 12.4 months (11.0 ‚Äì 13.5), with a hazard ratio of 0.59 (95% CI: 0.46 ‚Äì 0¬∑76; p < 0¬∑0001). Lastly, grade 3/4 adverse events were reported in 159 of 221 patients in the ramucirumab plus erlotinib group versus 121 of 225 in the placebo plus erlotinib group, and one death was recorded in the ramucirumab plus erlotinib group.",31591063,PubMed,,"Nakagawa et al., 2019",NCT02411448,5,accepted,11240,Somatic,2023-05-15 20:21:44 UTC,https://civicdb.org/links/evidence_items/11240,https://civicdb.org/links/molecular_profiles/4432,False
EGFR L858R OR EGFR Exon 19 Deletion,4432,Lung Non-small Cell Carcinoma,3908.0,,Gefitinib,,Predictive,Supports,A,Sensitivity/Response,"In this phase-IV, open-label, single-arm study, 106 patients with NSCLC and EGFR mutations including exon 19 deletion and exon 21 L858R point mutations were administered 250 mg daily doses of gefitinib with the primary endpoint being objective response rate (ORR). The objective response rate was 69.8% (95% CI: 60.5 ‚Äì 77.7), with a median progression-free survival of 9.7 months (95% CI: 8.5 ‚Äì 11.0), and a median overall survival of 19.2 months (95% CI:17.0 ‚Äì not calculable).",24263064,PubMed,,"Douillard et al., 2014",NCT01203917,4,accepted,11241,Somatic,2024-02-13 22:25:22 UTC,https://civicdb.org/links/evidence_items/11241,https://civicdb.org/links/molecular_profiles/4432,False
BRCA1 Mutation OR BRCA2 Mutation,4409,Epithelial Ovarian Cancer,2152.0,,Niraparib,,Predictive,Supports,A,Sensitivity/Response,"In a randomized, double-blind, phase 3 trial, 553 patients with ovarian cancer, fallopian tube cancer, or primary peritoneal cancer with predominantly high-grade serous histologic features were enrolled. Of the 553 enrolled, 203 had germline BRCA1/2 mutations and 350 had non-germline BRCA1/2 mutations (including both somatic mutant and wildtype BRCA1/2); BRCA1/2 mutation status was determined via BRACAnalysis testing (Myriad Genetics). The patients were randomized in a 2:1 ratio to receive niraparib 300 mg or placebo once daily. Patients in the niraparib group had a significantly longer median duration of progression-free survival than the placebo group: 21.0 vs. 5.5 months in the gBRCA cohort (hazard ratio, 0.27; 95% CI: 0.17 - 0.41; p < 0.001) and 9.3 months vs. 3.9 months in the overall non-gBRCA cohort (hazard ratio, 0.45; 95% CI: 0.34 - 0.61; p < 0.001).",27717299,PubMed,,"Mirza et al., 2016",NCT01847274,4,accepted,11243,Combined,2025-02-13 21:14:41 UTC,https://civicdb.org/links/evidence_items/11243,https://civicdb.org/links/molecular_profiles/4409,False
ERBB2 Amplification,302,Breast Cancer,1612.0,,Margetuximab,,Predictive,Supports,A,Sensitivity/Response,"In this phase III, randomized, open-label trial, 536 patients with HER2-positive breast cancer who have received two or more prior anti-HER2 regimens, with at least one being for metastatic disease. The patients were randomized 1:1 to margetuximab 15 mg/kg or trastuzumab 6 mg/kg (loading dose of 8 mg/kg), each in 3-week cycles. The primary endpoints were progression-free survival (PFS) and overall survival (OS). The study found that margetuximab improved primary PFS over trastuzumab (HR, 0.76; 95% CI: 0.59 - 0.98; p = .03; median, 5.8 [95% CI: 5.5 - 7.0] months versus 4.9 [95% CI: 4.2 - 5.6] months). At the second interim analysis of 270 deaths, the median OS was 21.6 months for margetuximab versus 19.8 months with trastuzumab (HR, 0.89; 95% CI: 0.69 - 1.13; p = .33, and PFS showed relative risk reduction favouring margetuximab (HR, 0.71; 95% CI: 0.58 - 0.86; p < .001; median, 5.7 versus 4.4 months). Margetuximab improved ORR over trastuzumab at both times of analysis on October 10th, 2018, and September 10th, 2019: 22% vs 16% (p = .06;) and 25% vs 14% (p < .001) respectively.",33480963,PubMed,,"Rugo et al., 2021",NCT02492711,5,accepted,11249,Somatic,2024-02-14 20:51:42 UTC,https://civicdb.org/links/evidence_items/11249,https://civicdb.org/links/molecular_profiles/302,False
PIK3CA C420R,905,Breast Cancer,1612.0,,"Fulvestrant,Alpelisib",Combination,Predictive,Supports,A,Sensitivity/Response,"In this randomized, phase III trial, 572 patients with HR-positive, HER2-negative advanced breast cancer who had received endocrine therapy previously underwent randomization, including 341 patients with confirmed tumour-tissue PIK3CA mutations. Patients were enrolled into two cohorts based on tumour-tissue PIK3CA mutation status. The comparison was between 300 mg daily alpelisib plus 500 mg fulvestrant every 28 days and once on day 15 versus placebo plus fulvestrant dosed the same. In the PIK3CA-mutated cohort, progression-free survival (PFS) was 11.0 months (95% CI: 7.5 - 14.5) in the alpelisib‚Äìfulvestrant group compared to 5.7 months (95% CI: 3.7 - 7.4) in the placebo‚Äìfulvestrant group (HR, 0.65; 95% CI: 0.50 - 0.85; p < 0.001). Overall response in the PIK3CA-mutated cohort was greater with alpelisib‚Äìfulvestrant than with placebo‚Äìfulvestrant (26.6% vs. 12.8%).",31091374,PubMed,,"Andr√© et al., 2019",NCT02437318,4,accepted,11275,Somatic,2024-11-27 23:13:45 UTC,https://civicdb.org/links/evidence_items/11275,https://civicdb.org/links/molecular_profiles/905,False
ESR1 Mutation,3778,Breast Cancer,1612.0,Adult onset,Elacestrant,,Predictive,Supports,A,Sensitivity/Response,"In a phase 3 trial (NCT03778931), the selective ER-degrader elacestrant was shown to increase progression free survival (PFS) in both ESR1 mutant and ESR1 wild type, ER-positive, HER2-negative breast cancer patients, previously treated with endocrine and CDK4/6 inhibitor therapy. Of 477 patients, 239 received elacestrant and 238 received SOC (fulvestrant or aromatase inhibitors) with almost half of all patients (228 of 477) having ESR1 mutations. Elacestrant significantly reduced the risk of progression or death compared with SOC by 30% in the overall cohort and by 45% in patients with ESR1 mutation. This led to the FDA-approval of elacestrant in 2023.",35584336,PubMed,,"Bidard et al., 2022",NCT03778931,4,accepted,11443,Somatic,2024-04-24 15:36:03 UTC,https://civicdb.org/links/evidence_items/11443,https://civicdb.org/links/molecular_profiles/3778,False
IDH1 R132C OR IDH1 R132H OR IDH1 R132L OR IDH1 R132G OR IDH1 R132S,5298,Low Grade Glioma,80829.0,,Vorasidenib,,Predictive,Supports,A,Sensitivity/Response,"This phase 3 clinical trial was conducted to assess the progression free survival in patients with IDH-mutant gliomas treated with Vorasidenib, an oral brain-penetrant inhibitor, which showed preliminary activity in mutant gliomas. In this double-blind study, participants having residual or recurrent IDH-mutated grade 2 gliomas were randomly selected to either receive vorasidenib or placebo in 28-day cycles. The results showed significant improvement in progression-free survival for patients treated with vorasidenib compared to placebo (median progression-free survival, 27.7 months vs. 11.1 months; hazard ratio for disease progression or death, 0.39; 95% confidence interval [CI], 0.27 to 0.56; P<0.001). Vorasidenib treatment also delayed the time to the next intervention.",37272516,PubMed,,"Mellinghoff et al., 2023",NCT04164901,5,accepted,11508,Somatic,2024-10-29 18:46:14 UTC,https://civicdb.org/links/evidence_items/11508,https://civicdb.org/links/molecular_profiles/5298,False
IDH2 R172K OR IDH2 R172G OR IDH2 R172W,5297,Low Grade Glioma,80829.0,,Vorasidenib,,Predictive,Supports,A,Sensitivity/Response,"This phase 3 clinical trial was conducted to assess the progression-free survival in patients with IDH-mutant gliomas treated with Vorasidenib, an oral brain-penetrant inhibitor, which showed preliminary activity in mutant gliomas. In this double-blind study, participants having residual or recurrent IDH-mutated grade 2 gliomas were randomly selected to either receive vorasidenib or placebo in 28-day cycles. Patients with specific IDH2 mutations (R172K, R172W, and R172G) were randomly assigned to either a vorasidenib or placebo group (R172K: 3 vs. 10, R172W: 0 vs. 1, R172G: 2 vs. 0). The results showed significant improvement in progression-free survival for patients treated with vorasidenib compared to placebo (median progression-free survival, 27.7 months vs. 11.1 months; hazard ratio for disease progression or death, 0.39; 95% confidence interval [CI], 0.27 to 0.56; P<0.001). Vorasidenib treatment also delayed the time to the next intervention.",37272516,PubMed,,"Mellinghoff et al., 2023",NCT04164901,5,accepted,11509,Somatic,2024-10-29 18:46:25 UTC,https://civicdb.org/links/evidence_items/11509,https://civicdb.org/links/molecular_profiles/5297,False
KRAS G12C,78,Lung Non-small Cell Carcinoma,3908.0,,Divarasib,,Predictive,Supports,B,Sensitivity/Response,"A phase 1 clinical study conducted with Divarasib in a total of 137 patients, of which 60 patients had NSCLC with G12C mutation in the KRAS gene. Confirmed response was noted in 53.4% (95% CI; 39.9 to 66.7) of the patients, with a progression-free survival of 13.1 months.",37611121,PubMed,,"Sacher et al., 2023",NCT04449874,4,accepted,11652,Somatic,2024-01-08 22:37:05 UTC,https://civicdb.org/links/evidence_items/11652,https://civicdb.org/links/molecular_profiles/78,False
CCND1 Amplification OR CCND2 Amplification OR CCND3 Amplification,4709,Cancer,162.0,,Palbociclib,,Predictive,Does Not Support,B,Sensitivity/Response,"This Phase 2 NCI-MATCH Trial subprotocol Z1B was conducted in 32 patients with either CCND1, 2 or 3 amplification, and were treated with Palbociclib. Squamous cell lung cancer (n=5), adenocarcinoma of the prostate (n=3), squamous cell carcinoma of the head and the neck (n = 3) and adenocarcinoma of the colon (n=3) were the four most common malignancies. The median PFS was 1.8 months and the median OS was 7.7 months, with no PR and only SD (n=12) as the best response. Additionally, there were 7 deaths in the study due to disease progression. Overall, no meaningful antitumor activity was reported.",36853016,PubMed,,"Clark et al., 2023",,4,accepted,11673,Somatic,2024-01-22 16:58:41 UTC,https://civicdb.org/links/evidence_items/11673,https://civicdb.org/links/molecular_profiles/4709,False
MSH2 Loss OR MLH1 Loss,4733,Cancer,162.0,,Nivolumab,,Predictive,Supports,B,Sensitivity/Response,"In this NCI-MATCH trial, 42 patients with 19 different cancers, none of which were colorectal, harbouring MMR deficiency defined by MLH1 or MSH2 loss were treated with Nivolumab. The three most common cancers in the cohort were endometrial adenocarcinoma (n=13), prostate adenocarcinoma (n = 5), and uterine carcinosarcoma (n=4). It was noted that the ORR was 36% (90% CI; 23.5-49.5), 7% of the patients had a complete response, 29% had PRs, 21% had SD, and 23% had progressive disease. The 6-month PFS rate was 51.3% (90% CI; 38.2-64.5), the 8-month PFS rate was 46.2% (90% CI; 33.1-59.3), and the 12-month PFS rate was 31.4% (90% CI; 18.7-44.2). The median survival time reported was 17.3 months.",31765263,PubMed,,"Azad et al., 2020",,4,accepted,11677,Somatic,2024-01-25 21:05:18 UTC,https://civicdb.org/links/evidence_items/11677,https://civicdb.org/links/molecular_profiles/4733,False
TPM3::NTRK1 Fusion,2861,Solid Tumor,,,Larotrectinib Regimen,,Predictive,Supports,A,Sensitivity/Response,"This was a Phase 1/2 study in which 55 patients between 4 months and 76 years of age with TRK-fusion positive tumors were given NTRK inhibitor Larotrectinib. Patients had 17 unique NTRK fusion types. There were 9 patients with tumors of different histologies which were positive for the TPM3::NTRK1 fusion. Overall response rate in the study was 75% according to independent review and 80% according to investigator assessment. 7 out of 9 patients with TPM3::NTRK1 positive tumors showed response, of which 2 had pathologic remission. Authors stated that Larotrectinib had durable antitumor activity for tumors positive for NTRK-fusions (including TPM3::NTRK1) regardless of age or tumor type.",29466156,PubMed,,"Drilon et al., 2018","NCT02122913,NCT02637687,NCT02576431",5,accepted,11703,Somatic,2024-09-09 17:05:17 UTC,https://civicdb.org/links/evidence_items/11703,https://civicdb.org/links/molecular_profiles/2861,False
IDH2 Mutation OR IDH1 Mutation,4756,Glioma,,,Vorasidenib,,Predictive,Supports,A,Sensitivity/Response,"In this study, 331 patients with IDH-mutant grade 2 gliomas were either given vorasidenib (n = 168) or a placebo (n = 163). A median PFS of 27.7 months was reported in the vorasidenib group, compared to 11.1 months in the group given a placebo. The hazard ratio for disease progression or death was 0.39 (95% CI, 0.27-0.56; p<0.001). Additionally, a lower time to the next intervention was noted in the vorasidenib group compared to the placebo group. Grade 3 or higher adverse effects were noted in 22.8% of the patients in the treatment group, which may likely be related to the vorasidenib treatment. Overall, vorasidenib significantly improved PFS and delayed the time to the next intervention in the treatment group, compared to the control group (placebo group).",37272516,PubMed,,"Mellinghoff et al., 2023",NCT04164901,4,accepted,11708,Somatic,2024-08-16 18:58:50 UTC,https://civicdb.org/links/evidence_items/11708,https://civicdb.org/links/molecular_profiles/4756,False
ERBB2 Mutation,662,Lung Non-small Cell Carcinoma,3908.0,Adult onset,Trastuzumab Deruxtecan,,Predictive,Supports,A,Sensitivity/Response,"In a phase 2 trial, 152 previously-treated metastatic NSCLC patients harboring mutations in ERBB2 (HER2) were treated with 2 different doses of the HER2 ADC trastuzumab deruxtecan (5.4 mg/kg and 6.4 mg/kg) once every 3 weeks. Both cohorts received clinical benefit with an ORR of 49% (95% CI, 39 to 59) and a median duration of response of 16.8 months (95% CI, 6.4 to not estimable [NE]) in the 5.4 mg/kg cohort and an ORR of 56% (95% CI, 41 to 70) and median duration of response of NE (95% CI, 8.3 to NE) in the 6.4 mg/kg cohort. Authors noted that deep and durable responses were seen regardless of HER2 mutation type, HER2 amplification status, baseline CNS metastasis, or prior treatment at both dose levels, but 5.4 mg/kg was associated with a more favorable safety profile.",37694347,PubMed,,"Goto et al., 2023",NCT04644237,4,accepted,11731,Somatic,2024-12-04 21:56:02 UTC,https://civicdb.org/links/evidence_items/11731,https://civicdb.org/links/molecular_profiles/662,False
ERBB2 G776delinsVC,4467,Lung Non-small Cell Carcinoma,3908.0,Adult onset,Trastuzumab Deruxtecan,,Predictive,Supports,A,Sensitivity/Response,"In a phase 2 trial, 152 metastatic NSCLC patients harboring mutations in ERBB2 (HER2) treated with 2 different doses of the HER2 ADC trastuzumab deruxtecan (5.4 mg/kg and 6.4 mg/kg) resulted in clinical benefit for both groups with overall response rates (ORR) of 49% and 56% respectively and durable responses in both groups. The breakdown of complete responses (CR), partial responses (PR), stable disease (SD), and progressive disease (PD) was provided for each patient and each ERBB2 mutation. Of 22 NSCLC patients harboring the exon20 insertion mutation ERBB2 G776delinsVC, 1 had CR, 15 had PR, 5 had SD, and 1 was NE (not evaluable).",37694347,PubMed,,"Goto et al., 2023",NCT04644237,4,accepted,11761,Somatic,2024-12-04 21:49:17 UTC,https://civicdb.org/links/evidence_items/11761,https://civicdb.org/links/molecular_profiles/4467,False
ERBB2 Y772_A775DUP,410,Lung Non-small Cell Carcinoma,3908.0,Adult onset,Trastuzumab Deruxtecan,,Predictive,Supports,A,Sensitivity/Response,"In a phase 2 trial, 152 metastatic NSCLC patients harboring mutations in ERBB2 (HER2) treated with 2 different doses of the HER2 ADC trastuzumab deruxtecan (5.4 mg/kg and 6.4 mg/kg) resulted in clinical benefit for both groups with overall response rates (ORR) of 49% and 56% respectively and durable responses in both groups. The breakdown of complete responses (CR), partial responses (PR), stable disease (SD), and progressive disease (PD) was provided for each patient and each ERBB2 mutation. Of 90 NSCLC patients harboring the exon20 insertion mutation ERBB2 Y772_A775dup, 42 had PR, 39 had SD, 5 had PD, and 4 were NE (not evaluable).",37694347,PubMed,,"Goto et al., 2023",NCT04644237,4,accepted,11764,Somatic,2024-12-04 21:49:51 UTC,https://civicdb.org/links/evidence_items/11764,https://civicdb.org/links/molecular_profiles/410,False
ERBB2 Exon 20 Insertion,2723,Lung Non-small Cell Carcinoma,3908.0,Adult onset,Trastuzumab Deruxtecan,,Predictive,Supports,A,Sensitivity/Response,"In a phase 2 trial, 152 metastatic NSCLC patients harboring mutations in ERBB2 (HER2) treated with 2 different doses of the HER2 ADC trastuzumab deruxtecan (5.4 mg/kg and 6.4 mg/kg) resulted in clinical benefit for both groups with overall response rates (ORR) of 49% and 56% respectively and durable responses in both groups. The breakdown of complete responses (CR), partial responses (PR), stable disease (SD), and progressive disease (PD) was provided for each patient and each ERBB2 mutation. Of 141 NSCLC patients harboring the exon20 insertion mutations, the overall response rate was 54% with 2 CR, 71 PR, 57 SD, 6 PD, and 5 NE (not evaluable).",37694347,PubMed,,"Goto et al., 2023",NCT04644237,4,accepted,11765,Somatic,2024-12-04 21:49:59 UTC,https://civicdb.org/links/evidence_items/11765,https://civicdb.org/links/molecular_profiles/2723,False
v::ALK Fusion,495,Lung Non-small Cell Carcinoma,3908.0,,Alectinib,,Predictive,Supports,A,Sensitivity/Response,"In this global phase 3 trial, 257 patients with ALK-positive Non-Small-Cell Lung Cancer were treated with either alectinib (n = 130) or chemotherapy (n = 127). 93.8 % of the patients who had received alectinib versus 63% who were in the chemotherapy group were alive and disease-free at 2 years. A hazard ratio of 0.24 (95% CI; 0.13 - 0.43, p < 0.001) was reported for disease recurrence or death, which implies a 76% lower risk with adjuvant alectinib than chemotherapy. 98.4% of the patients in the alectinib group, and 93.3% of the patients in the chemotherapy group reported at least one adverse event. Serious adverse events were reported in 13.3% of the patients in the alectinib group compared to 8.3% of the patients in the chemotherapy group. Overall, the study found improved disease-free survival in the alectinib group compared to the chemotherapy group.",38598794,PubMed,,"Wu et al., 2024",NCT03456076,5,accepted,12012,Somatic,2024-04-25 21:09:40 UTC,https://civicdb.org/links/evidence_items/12012,https://civicdb.org/links/molecular_profiles/495,False
ERBB2 Overexpression,849,Solid Tumor,,,Trastuzumab Deruxtecan,,Predictive,Supports,A,Sensitivity/Response,"In this phase 2 clinical trial, 267 patients with HER2 expressing solid tumours received Trastuzumab Deruxtecan. The cohort included patients with locally advanced, unresectable, or metastatic solid cancers, excluding breast, colorectal, gastric, and non-small-cell lung cancers. The median DOR across all groups was 11.3 months (95% CI; 9.6-17.8), with patients with IHC 3+ having the longest median DOR of 22.1 months (95% CI; 9.6 - not reached). The pancreatic cohort had the lowest median DOR of 5.7 months. The median PFS was 6.9 months (95% CI; 5.6 - 8.0), with the longest median PFS being 11.9 months (95% CI; 8.2 - 13.0) in patients with IHC3+. The median OS across all the cohorts was 13.4 months (95% CI; 11.9 - 15.5), with the longest median OS of 21.1 months (95% CI; 15.3 - 29.6) in the IHC3+ group. Overall, trastuzumab deruxtecan exhibited clinically meaningful PFS and OS in pretreated patients.",37870536,PubMed,,"Meric-Bernstam et al., 2024",NCT04482309,5,accepted,12013,Somatic,2024-04-25 21:24:26 UTC,https://civicdb.org/links/evidence_items/12013,https://civicdb.org/links/molecular_profiles/849,False
EGFR Exon 20 Insertion,707,Lung Non-small Cell Carcinoma,3908.0,,"Amivantamab,Chemotherapy",Combination,Predictive,Supports,A,Sensitivity/Response,"In this phase 3 trial, 308 patients with NSCLC harbouring EGFR exon 20 insertions were treated with a combination of amivantamab and chemotherapy (carboplatin-pemetrexed) [n = 153] or chemotherapy alone [n = 155]. The median PFS in the aminvantamab-chemotherapy group was 11.4 months which was significantly higher than the chemotherapy group (median PFS of 6.7 months). The hazard ratio reported for disease progression was 0.40 (95% CI, 0.30 - 0.53, p <0.001), while the hazard ratio reported for death for amivantamab-chemotherapy compared to chemotherapy was 0.67 (95% CI; 0.42 - 1.09, p =0.11). The median objective response in the amivantamab-chemotherapy group was 9.7 months (95% CI; 8.2-13.5) compared to 4.4 months (95% CI; 4.1-5.6) in the chemotherapy group. The majority of patients in the cohort reported at least one adverse event. Overall, the study reported significantly better clinical results in the patients treated with amivantamab-chemotherapy combination therapy compared to patients treated with chemotherapy alone as a first-line treatment.",37870976,PubMed,,"Zhou et al., 2023",NCT04538664,4,accepted,12014,Somatic,2024-04-25 22:35:10 UTC,https://civicdb.org/links/evidence_items/12014,https://civicdb.org/links/molecular_profiles/707,False
EGFR L858R OR EGFR Exon 19 Deletion,4432,Lung Non-small Cell Carcinoma,3908.0,,"Osimertinib,Chemotherapy",Combination,Predictive,Supports,A,Sensitivity/Response,"In this phase 3 clinical trial, 557 patients with NSCLC harbouring EGFR mutations (exon 19 deletion or L858R mutation) were randomly assigned to two groups and treated with either osimertinib with chemotherapy or osimertinib monotherapy. Significantly higher PFS was noted in the group treated with osimertinib and chemotherapy compared to osimertinib monotherapy, with a hazard ratio of 0.62 (95% CI; 0.49 - 0.79, p < 0.0001). After 24 months, 57% (95% CI; 50-63) and 41% (95% CI; 35-47) of the patients in the osimertinib and chemotherapy versus osimertinib monotherapy groups respectively, were alive and progression-free. An objective response was reported in 83% of the patients in the osimertinib-chemotherapy group, while an objective response was observed in 76% of the patients in the osimertinib monotherapy group. Grade ‚â• 3 AEs were observed more frequently in the combination therapy group compared to the monotherapy group.",37937763,PubMed,,"Planchard et al., 2023",NCT04035486,5,accepted,12015,Somatic,2024-08-16 19:25:36 UTC,https://civicdb.org/links/evidence_items/12015,https://civicdb.org/links/molecular_profiles/4432,False
BRAF V600E OR KIAA1549::BRAF Fusion,4453,Childhood Low-grade Glioma,80830.0,,Tovorafenib,,Predictive,Supports,A,Sensitivity/Response,"In this ongoing phase 2 trial (FIREFLY-1), 76 patients, aged 6 months to 25 years, with pediatric low-grade glioma harbouring BRAF alterations (BRAF fusions or BRAF V600E mutations) were treated with tovorafenib (DAY-101). The overall response rate according to the RAPNO-LGG criteria was 51% (95% CI; 40-63) and the median PFS and DOR were 13.8 months (95% CI; 8.3-16.9) and 13.8 months (95% CI; 11.3 - NR) respectively. All patients experienced at least one adverse event which may be treatment-emergent, and 63% of the patients experienced Grade ‚â•3 adverse events.",37978284,PubMed,,"Kilburn et al., 2024",NCT04775485,5,accepted,12016,Somatic,2024-09-06 21:23:46 UTC,https://civicdb.org/links/evidence_items/12016,https://civicdb.org/links/molecular_profiles/4453,False
BRAF V600 OR v::BRAF Fusion,5077,Childhood Low-grade Glioma,80830.0,,Tovorafenib,,Predictive,Supports,A,Sensitivity/Response,"In this phase 2 clinical trial, the efficacy of RAF inhibitor tovorafenib (DAY-101) was investigated in patients between the ages of 6 months and 25 years, with pediatric low-grade gliomas harbouring BRAF alterations (fusions, rearrangements, or V600 mutations). The trial had two arms, arm 1 (n = 77) tested the efficacy of tovorafenib, while arm 2 (n=60) was an extension cohort, which provided treatment access for patients with RAF altered pLGG after arm 1 closure. The RANO-HGG criteria was used to assess efficacy in patients in arm 1. The overall response rate was 67% (95% CI; 54-78). Specifically, 12 (17%) patients had a complete response, 34 (49%) patients experienced a partial response, and 18 (26%) patients had stable disease as the best response. The ORR in patients with BRAF fusions and BRAF V600E mutations was 69% (95% CI; 56-81) and 50% (95% CI; 19-81) respectively. A relatively higher ORR was noted in patients who had received prior MAPK therapy compared to patients who hadn't received prior MAPK therapy. Specifically, the ORR was 71% (95%CI; 54-84) in patients who had received prior MAPK therapy, and 61% (95% CI; 41-78) in patients who hadn't received prior MAPK therapy. The median PFS reported was 19.4 months (95% CI; 16.9 - NR).",37978284,PubMed,,"Kilburn et al., 2024",NCT04775485,5,accepted,12028,Somatic,2024-09-13 00:25:58 UTC,https://civicdb.org/links/evidence_items/12028,https://civicdb.org/links/molecular_profiles/5077,False
TP53 Mutation,222,Myelodysplastic Syndrome,50908.0,,"Eprenetapopt,Azacitidine",Combination,Predictive,Supports,B,Sensitivity/Response,"In this phase 1/2 clinical trial, 55 patients (40 MDS, 11 AML, 4 MDS/myeloproliferative neoplasms) with myelodysplastic syndromes harbouring TP53 mutations were treated with a combination of eprenetapopt and azacitidine. The ORR was 71% , with 44% achieving complete response. The study reported that patients harbouring only TP53 mutations, and no other somatic mutations by NGS, had higher rates of complete response (69% v 25%; p = 0.006). Overall, the combination therapy of eprenetapopt and azacitidine demonstrated clinically relevant benefits in patients with MDS and AML carrying TP53 mutations.",33449813,PubMed,,"Sallman et al., 2021",NCT03072043,4,accepted,12029,Somatic,2024-05-03 18:40:50 UTC,https://civicdb.org/links/evidence_items/12029,https://civicdb.org/links/molecular_profiles/222,False
KMT2C Mutation OR KMT2A Mutation,5106,Cancer,162.0,,Immunotherapy,,Predictive,Supports,B,Sensitivity/Response,"This study examined the role of KMT2A/C mutations as a potential biomarker for predicting the effectiveness of immunotherapy. In the primary ICI-treated cohort (n = 546), the researchers observed that individuals with KMT2A/C mutations had a significantly improved prognosis in terms of PFS compared to individuals with wildtype KMT2A/C (Hazard Ratio = 0.66, p = 0.002). Moreover, the group with KMT2A/C mutations exhibited a higher durable clinical benefit (DCB: 48.3% vs 29.8%) compared with the wildtype group, as well as a higher ORR (40.9% vs 20.3% ; P<0.001) in the wildtype group. In an expanded cohort (n = 1395), those with KMT2A/C mutations showed better OS compared to wildtype patients (Hazard Ratio = 0.68, p=0.003). Overall, the study findings suggest that KMT2A/C mutations can serve as a predictive biomarker of the effectiveness of ICI treatment.",33298164,PubMed,,"Zhang et al., 2020",,4,accepted,12031,Somatic,2025-10-29 23:01:14 UTC,https://civicdb.org/links/evidence_items/12031,https://civicdb.org/links/molecular_profiles/5106,False
v::RET Fusion OR RET Mutation,4424,Solid Tumor,,,Selpercatinib,,Predictive,Supports,A,Sensitivity/Response,"As part of this trial, 27 pediatric patients (aged 2-20), harbouring, RET-mutant medullary thyroid cancer (MTC, n = 14), RET fusion-positive papillary thyroid cancer (RTC, n=10), or other tumour types (n=3), were treated with selpercatinib. The ORR was 83.3% (10/12) in patients with RECIST measurable disease at baseline. The ORR of patients with PTC was 100% (5/5), and the ORR was 83.3% in patients with MTC (5/6). One patient with MTC had stable disease and no patients with MTC/PTC had PD.",231047,ASCO,,,,4,accepted,12056,Somatic,2024-08-16 18:59:41 UTC,https://civicdb.org/links/evidence_items/12056,https://civicdb.org/links/molecular_profiles/4424,False
KRAS G12C,78,Colorectal Cancer,9256.0,,"Adagrasib,Cetuximab",Combination,Predictive,Supports,A,Sensitivity/Response,The efficacy of adagrasib + cetuximab combination therapy was tested in 94 patients harbouring colorectal cancers with KRAS G12C mutations. ORR was used as the primary end-point for the study. The ORR and disease control rate were 34.0% and 85.1% respectively. The median duration of response and progression free survival were 5.8 months (95% CI; 4.2-7.6). and 6.9 months (95% CI; 5.7-7.4) respectively. The overall survival was 15.9 months (95% CI; 11.8-18.8).,38587856,PubMed,,"Yaeger et al., 2024",,4,accepted,12063,Somatic,2024-08-16 19:18:28 UTC,https://civicdb.org/links/evidence_items/12063,https://civicdb.org/links/molecular_profiles/78,False
v::NTRK1 Fusion OR v::NTRK3 Fusion OR v::NTRK2 Fusion,5163,Solid Tumor,,"Pediatric onset,Early young adult onset,Intermediate young adult onset",Entrectinib,,Predictive,Supports,B,Sensitivity/Response,"In the STARTRK-NG (NCT02650401) phase 1/2 trial, 43 pediatric and young adult patients (age <22 years) with recurrent or refractory solid tumors, including primary CNS tumors, were evaluated for response to entrectinib. The study enrolled patients with or without *NTRK1/2/3*, ROS1, or ALK fusions. Among the 15 patients with *NTRK1/2/3* fusions (4 NTRK1, 4 NTRK2, 7 NTRK3), the confirmed objective response rate (ORR) by blinded independent review was 60.0% (9/15; 95% CI 32.3-83.7). Responses in this group were observed in 5 of 11 patients with primary CNS tumors and all 4 patients with extracranial solid tumors. In contrast, the non-fusion population (n = 17) had an investigator-assessed ORR of 5.9% (1/17; 95% CI 0.15-28.7), which was a single complete response in a neuroblastoma patient with an ALK F1174L point mutation. The authors conclude that entrectinib resulted in rapid and durable responses in pediatric patients with solid tumors harboring *NTRK1/2/3* fusions.",35395680,PubMed,,"Desai et al., 2022",NCT02650401,4,accepted,12071,Somatic,2025-11-10 17:37:46 UTC,https://civicdb.org/links/evidence_items/12071,https://civicdb.org/links/molecular_profiles/5163,False
TMB High,5117,Lung Non-small Cell Carcinoma,3908.0,,Pembrolizumab,,Predictive,Supports,B,Sensitivity/Response,"Exomes were sequenced from two cohorts of non small cell lung cancer patients who were treated with pembrolizumab. In a discovery cohort of 16 patients, durable clinical benefit (DCB - partial or stable response lasting >6 months) was measured. In patients with DCB, median number of nonsynonymous mutations was 302. Median number of mutations was 148 in patients with no DCB with pembrolizumab (p=0.02). Median number of mutations in the cohort was 209. 73% of patients with mutations above 209 showed DCB, while 13% of those with mutations below the median showed DCB (p=0.04). Median progression free survival was 14.5 versus 3.7 months between the two groups. In a validation group of 18 NSCLC samples, the median mutation burden was 244 in patients with DCB, and 125 in patients with no DCB. In patients with mutation burden above the median (200), there was 83% DCB with pembrolizumab, and 22% DCB in patients below the median mutation burden of 200. In all patients tested, C-to-A transversions were more frequent in patients with DCB, and C-to-T transitions were less frequent in DCB patients.",25765070,PubMed,,"Rizvi et al., 2015",,4,accepted,12083,Somatic,2025-05-07 23:15:07 UTC,https://civicdb.org/links/evidence_items/12083,https://civicdb.org/links/molecular_profiles/5117,False
EGFR L858R OR EGFR Exon 19 Deletion,4432,Lung Non-small Cell Carcinoma,3908.0,,"Lazertinib,Amivantamab",Combination,Predictive,Supports,A,Sensitivity/Response,"In this trial (MARIPOSA), 1074 patients with Non-Small Cell Lung Cancer harbouring exon 19 deletion or exon 21 L858R substitution were randomized (2:2:1) to receive lazertinib-amivantamab (n=429), osimertinib monotherapy (n=429) or lazertininib monotherapy (n=216). Patients who received lazertinib-amivantamab combination therapy had a significantly higher median PFS compared to patients who received osimertinib monotherapy (23.7 months vs. 16.6 months; HR 0.70 [95% CI, 0.58-0.85; p < 0.001]). Additionally, amivantamab-lazertinib prolonged PFS vs. osimertinib in patients with a history of brain metastases (18.3 months vs. 13.0 months; HR 0.69 [95% CI, 0.53-0.92]). In 136 patients with liver metastases at baseline, the median PFS was significantly prolonged in patients treated with amivantamab-lazertinib (18.2 months, 95% CI, 13.1-NE) compared to patients treated with osimertinib (11.0 months, 95% CI, 7.4-12.8), while the HR for disease progression in the amivantamab-lazertinib versus osimertinib groups was 0.58 (95% CI, 0.37-0.91, p = 0.017).",38942080,PubMed,,"Felip et al., 2024",,4,accepted,12131,Somatic,2024-10-28 17:37:08 UTC,https://civicdb.org/links/evidence_items/12131,https://civicdb.org/links/molecular_profiles/4432,False
TOP1 Amplification,367,Colorectal Cancer,9256.0,,"FOLFIRI Regimen,Cetuximab",Combination,Predictive,Supports,B,Sensitivity/Response,"The OncoBird framework utilizes data from the open-label, randomized phase III FIRE-3 trial, which involved patients with metastatic colorectal carcinoma who received either cetuximab or bevacizumab in combination with FOLFIRI. In this trial, TOP1 amplifications were found to be strong predictors of prolonged overall survival in patients treated with cetuximab (p = 0.005, HR = 0.50 [0.30-0.81]). Additionally, favorable OS was also noted in CMS2 patients treated with cetuximab if their tumors carried chr20q amplifications like TOP1 amplifications (p = 0.01, HR = 0.34 [0.15-0.74]).",37666855,PubMed,,"Ohnmacht et al., 2023",,4,accepted,12143,Somatic,2024-09-04 20:03:23 UTC,https://civicdb.org/links/evidence_items/12143,https://civicdb.org/links/molecular_profiles/367,False
EGFR L858R OR EGFR Exon 19 Deletion,4432,Lung Non-small Cell Carcinoma,3908.0,,"Carboplatin,Pemetrexed,Amivantamab",Combination,Predictive,Supports,A,Sensitivity/Response,"In this phase III trial, 657 patients with locally advanced or metastatic NSCLC (Non-Small Cell Lung Cancer) harbouring EGFR mutations (exon 19 deletions or L858R) were treated with amivantamab plus carboplatin-pemetrexed (chemotherapy). These patients were then randomized 2:2:1 to receive amivantamab-lazertinib-chemotherapy (n=263), chemotherapy (n=263), or amivantamab-chemotherapy (n=131). PFS was significantly longer in the amivantamab-chemotherapy [median 6.3 months; HR 0.48, p <0.001] and the amivantamab-lazertinib-chemotherapy [median 8.3 months; HR 0.44, p <0.001] groups compared to chemotherapy alone [median 4.2 months]. Additionally, ORR was also significantly higher in the amivantamab-chemotherapy and amivantamab-lazertinib-chemotherapy groups at, 64% (95% CI 55-72) and 63% (95% CI 57-69) respectively, compared to the chemotherapy group alone at 36% (p < 0.001 for both).",37879444,PubMed,,"Passaro et al., 2024",,4,accepted,12156,Somatic,2024-10-23 19:18:31 UTC,https://civicdb.org/links/evidence_items/12156,https://civicdb.org/links/molecular_profiles/4432,False
RET Mutation,1598,Medullary Thyroid Carcinoma,3973.0,,Selpercatinib,,Predictive,Supports,A,Sensitivity/Response,"In this phase III trial, 291 patients (12 years or older) with medullary thyroid cancer harbouring RET mutations were treated with selpercatinib. Patients were randomized in a 2:1 ratio to receive selpercatinib (n=193) or cabozantinib/vandetanib (control group, n=98). Progression-free survival in the selpercatinib group was 86.8% (95% CI, 79.8-91.6) and 65.7% (95% CI, 51.9-76.4) in the control group at 12 months. Additionally, median treatment failure-free survival was not reached in the selpercatinib group and was 13.9 months in the control group (HR 0.25, 95% CI, 0.15-0.42, p <0.001), as assessed by blinded independent central review. Treatment failure-free survival at 12 months was 86.2% (95% CI 79.1-91.0) in the treatment group, and 62.1% (95% CI, 48.9-72.8) in the control group. Finally, the ORR in the treatment and control group was 69.4% (95% CI, 48.9-72.8) and 38.8% (95% CI, 29.1-49.2) respectively. Overall, treatment with selpercatinib resulted in significantly better PFS compared to cabozantinib/vandetanib treatment in patients with progression, advanced RET-mutant medullary thyroid cancer.",37870969,PubMed,,"Hadoux et al., 2023",NCT04211337,4,accepted,12157,Somatic,2024-10-23 19:36:39 UTC,https://civicdb.org/links/evidence_items/12157,https://civicdb.org/links/molecular_profiles/1598,False
BRAF V600E,12,Solid Tumor,,,"Trametinib,Dabrafenib",Combination,Predictive,Supports,A,Sensitivity/Response,"In this trial, patients with advanced rare tumours harbouring BRAF V600E mutations were treated with a combination of dabrafenib and trametinib. The study included eight distinct cohorts: anaplastic thyroid carcinoma (ATC) (n=36), biliary tract cancer (BTC)(n=43), gastrointestinal stromal tumour (GIST) (n=1), adenocarcinoma of the small intestine (ASI) (n=3), low-grade glioma (LGG) (n=13), high-grade glioma (HGG)(n=45), hairy cell leukemia(HCL) (n=55), and multiple myeloma (MM)(n=19). The overall response rates for these cohorts were 56%, 53%, 0%, 67%, 54%, 33%, 89%, and 50% respectively. The median duration of response varied, with 14.4 months for anaplastic thyroid carcinoma, 8.9 months for biliary tract cancer, 7.7 months for adenocarcinoma of the small intestine, 31.2 months for high-grade glioma, and 11.1 months in multiple myeloma. In the remaining cohorts, the duration of response was not reached. Progression-free survival was measured at 6.7 months for ATC, 9.0 months for BTC, 9.5 months for ASI, 5.5 months for HGG, and 6.3 months for MM. PFS could not be evaluated in the LGG and HCL groups due to small patient numbers. The overall survival was 14.5 months for ATC, 13.5 months for BTC, 17.6 months for HGG, 21.8 months for ASI, and 33.9 months for MM cohorts. OS could not be evaluated for the LGG and HCL groups due to a low number of deaths. Adverse events were reported in 97.6% of the patients (n=201), with 87.9% (n=181) of these being related to the study treatment. Serious adverse events occurred in 45.1% (n=93) of patients across all cohorts.",37059834,PubMed,,"Subbiah et al., 2023",NCT02034110,4,accepted,12161,Somatic,2025-01-24 17:19:02 UTC,https://civicdb.org/links/evidence_items/12161,https://civicdb.org/links/molecular_profiles/12,False
BRAF V600E,12,Low Grade Glioma,80829.0,,"Trametinib,Dabrafenib",Combination,Predictive,Supports,A,Sensitivity/Response,"In this trial, patients with pediatric (age <18 years) low-grade gliomas harbouring BRAF V600E (n=49), were treated with either trametinib monotherapy (n=13) or dabrafenib + trametinib (n=36). In patients treated with trametinib monotherapy, 15% (95% CI, 1.9-45.4; n=2) had objective PRs, and 46% (n=6) had stable disease for 12 or more weeks after the first dose of therapy. The estimated 24-month duration of response (DOR) was 100%. The median PFS was 16.4 months (95% CI, 3.2 to NR). In patients treated with a combination of trametinib and dabrafenib 25% (95% CI, 12.1-42.2; n=9) had objective PRs and 64% (n=23) experienced stable disease. The median DOR was 33.6 months (95% CI, 11.2 - NR), while the 24-month DOR was 80% (95% CI, 30-100). The median PFS was 36.9 months (95% CI, 36.0 - NR).",36375115,PubMed,,"Bouffet et al., 2023",NCT02124772,4,accepted,12162,Somatic,2025-01-13 16:55:37 UTC,https://civicdb.org/links/evidence_items/12162,https://civicdb.org/links/molecular_profiles/12,False
v::NRG1 Fusion,2162,Lung Non-small Cell Carcinoma,3908.0,,Zenocutuzumab-zbco,,Predictive,Supports,A,Sensitivity/Response,"On December 4, 2024, the Food and Drug Administration granted accelerated approval to zenocutuzumab-zbco (Bizengri, Merus N.V.) for adults with advanced, unresectable, or metastatic non-small cell lung cancer (NSCLC) harboring a neuregulin 1 (NRG1) gene fusion with disease progression on or after prior systemic therapy, or advanced, unresectable, or metastatic pancreatic adenocarcinoma harboring a NRG1 gene fusion with disease progression on or after prior systemic therapy. This represents the first FDA approval of a systemic therapy for patients with NSCLC or pancreatic adenocarcinoma harboring an NRG1 gene fusion. Efficacy was evaluated in the eNRGy study (NCT02912949), a multicenter, open-label, multicohort trial. The trial enrolled 93 adults with advanced or metastatic NRG1 fusion-positive NSCLC. Identification of positive NRG1 gene fusion status was prospectively determined by next generation sequencing assays. The major efficacy outcome measures were confirmed overall response rate (ORR) and duration of response (DOR), determined by blinded independent central review according to RECIST v1.1. For NSCLC, ORR was 29% (95% CI: 20%, 39%) and median DOR was 12.7 months (95% CI: 7.4 - 20.4).",39908431,PubMed,,"Schram et al., 2025",NCT02912949,4,accepted,12246,Somatic,2025-02-10 18:42:31 UTC,https://civicdb.org/links/evidence_items/12246,https://civicdb.org/links/molecular_profiles/2162,False
v::NRG1 Fusion,2162,Pancreatic Adenocarcinoma,4074.0,,Zenocutuzumab-zbco,,Predictive,Supports,A,Sensitivity/Response,"On December 4, 2024, the Food and Drug Administration granted accelerated approval to zenocutuzumab-zbco (Bizengri, Merus N.V.) for adults with advanced, unresectable, or metastatic non-small cell lung cancer (NSCLC) harboring a neuregulin 1 (NRG1) gene fusion with disease progression on or after prior systemic therapy, or advanced, unresectable, or metastatic pancreatic adenocarcinoma harboring a NRG1 gene fusion with disease progression on or after prior systemic therapy. This represents the first FDA approval of a systemic therapy for patients with NSCLC or pancreatic adenocarcinoma harbouring an NRG1 gene fusion. Efficacy was evaluated in the eNRGy study (NCT02912949), a multicenter, open-label, multicohort trial. The trial enrolled 36 adults with advanced or metastatic NRG1 fusion-positive pancreatic cancer. Identification of positive NRG1 gene fusion status was prospectively determined by next-generation sequencing assays. The major efficacy outcome measures were confirmed overall response rate (ORR) and duration of response (DOR), determined by blinded independent central review according to RECIST v1.1. For pancreatic adenocarcinoma, ORR was 42% (95% CI: 25%, 59%) and the DOR range was 7.4 months (95% CI: 4.0-11.2). FDA label - https://www.accessdata.fda.gov/drugsatfda_docs/label/2024/761352s001lbl.pdf",39908431,PubMed,,"Schram et al., 2025",NCT02912949,4,accepted,12247,Somatic,2025-02-10 18:45:42 UTC,https://civicdb.org/links/evidence_items/12247,https://civicdb.org/links/molecular_profiles/2162,False
KRAS G12C,78,Colorectal Cancer,9256.0,,"Sotorasib,Panitumumab",Combination,Predictive,Supports,A,Sensitivity/Response,"In this phase 3 trial, patients with chemorefractory metastatic colorectal cancer harbouring KRAS G12C mutations were assigned to one of three groups. The first group received 960 mg of sotorasib (KRAS G12C inhibitor) once daily plus panitumumab (n = 53), the second group received 240 mg of sotorasib once daily plus panitumumab (n=53), and the third group received investigator's choice of trifluridine-tipiracil or regorafenib/standard-care (n=54). The median PFS was 5.6 months (95% CI, 4.2-6.3) in the 960-mg sotorasib-panitumumab, 3.9 months (95% CI, 3.6-5.7) in the 240-mg sotorasib-panitumumab, and 2.0 months (95% CI, 1.9-3.9) in the standard care group. The hazard ratio for disease progression or death compared to the standard care cohort was 0.48 (95% CI, 0.30-0.78, p=0.005) in the 960-mg sotorasib-panitumumab group and 0.59 (95% CI, 0.37-0.95, p=0.036) in the 240-mg sotorasib-panitumumab group. The ORR was 26.4% (95% CI, 15.3 to 40.3), 5.7% (95% CI, 1.2 to 15.7), and 0% (95% CI, 0.0 to 6.6) in the 960-mg sotorasib‚Äìpanitumumab, 240-mg sotorasib‚Äìpanitumumab, and standard-care groups, respectively. Grade 3 or higher treatment-related adverse effects occurred in 35.8% of the 960-mg sotorasib-panitumumab group, 30.2% of the 240-mg sotorasib-panitumumab group, and 43.1% in the standard care group. Overall, the study concluded that the 960-mg sotorasib-panitumumab group resulted in a longer PFS compared to the standard treatment, and toxic effects were expected with limited discontinuation.",37870968,PubMed,,"Fakih et al., 2023",NCT05198934,4,accepted,12264,Somatic,2025-01-30 20:45:49 UTC,https://civicdb.org/links/evidence_items/12264,https://civicdb.org/links/molecular_profiles/78,False
EGFR Mutation,438,Lung Non-small Cell Carcinoma,3908.0,,Datopotamab Deruxtecan Regimen,,Predictive,Supports,A,Sensitivity/Response,"Phase II trial (NCT04484142) of Dato-DXd 6 mg/kg every 3 weeks in 137 heavily pretreated patients with advanced NSCLC harboring actionable genomic alterations (57% EGFR-mutant; 51% with prior brain metastases). The confirmed ORR was 35.8% (95% CI 27.8‚Äì44.4) with a median DOR of 7.0 months. In subgroup analyses, ORR was 43.6% (95% CI 32.9-54.8) in EGFR-mutant patients and 23.5% in those with ALK rearrangements, with corresponding median PFS of 5.8 and 4.3 months. All four complete responses occurred in patients with EGFR mutations. Grade ‚â• 3 TRAEs occurred in 28.5% of patients, most commonly stomatitis (9.5%), with oral mucositis and anemia as notable AESIs.",39761483,PubMed,,"Sands et al., 2025",NCT04484142,4,accepted,12522,Somatic,2025-10-06 21:03:16 UTC,https://civicdb.org/links/evidence_items/12522,https://civicdb.org/links/molecular_profiles/438,False
EGFR Mutation,438,Lung Non-small Cell Carcinoma,3908.0,,Datopotamab Deruxtecan,,Predictive,Supports,A,Sensitivity/Response,"TROPION-Lung01 (NCT04656652) was a global, randomized, open-label phase III trial of 604 patients with previously treated advanced NSCLC comparing datopotamab deruxtecan (Dato-DXd) with docetaxel. Dato-DXd significantly improved progression-free survival (4.4 vs 3.7 months; HR 0.75; P = 0.004) but not overall survival (12.9 vs 11.8 months; HR 0.94; P = 0.530), with greater benefit in nonsquamous disease (PFS HR 0.63; OS HR 0.84) and a higher objective response rate (26.4% vs 12.8%). Grade ‚â•3 treatment-related adverse events were less frequent with Dato-DXd (25.6% vs 42.1%), with stomatitis and interstitial lung disease (ILD) as notable adverse events of special interest (AESIs).",39250535,PubMed,,"Ahn et al., 2025",NCT04656652,4,accepted,12523,Somatic,2025-10-06 20:16:12 UTC,https://civicdb.org/links/evidence_items/12523,https://civicdb.org/links/molecular_profiles/438,False
ERBB2 Mutation,662,Lung Non-small Cell Carcinoma,3908.0,,Zongertinib,,Predictive,Supports,A,Sensitivity/Response,"The authors report evaluation of zongertinib in a multicohort, phase 1a/1b trial involving patients with advanced or metastatic HER2-mutant non-small cell lung cancer. Three cohorts of patients are reported. The cohorts differed in the type of ERBB2 mutation present, prior treatment, and in the treatment dose/timing with zongertinib. In cohort 1 (n=75), patients had a mutation in the tyrosine kinase domain of ERBB2, received zongertinib at a dose of 120 mg, and were NOT previously treated with a HER2-directed antibody-drug conjugate. 71% of these patients (95% [CI], 60 to 80; P<0.001 against a ‚â§30% benchmark) had a confirmed objective response. The median duration of response was 14.1 months (95% CI, 6.9 to not evaluable). The median progression-free survival was 12.4 months (95% CI, 8.2 to not evaluable).",40293180,PubMed,,"Heymach et al., 2025",NCT04886804,4,accepted,12530,Somatic,2025-10-17 16:45:28 UTC,https://civicdb.org/links/evidence_items/12530,https://civicdb.org/links/molecular_profiles/662,False
MSI High,5118,Colorectal Cancer,9256.0,,Ipilimumab/Nivolumab Regimen,,Predictive,Supports,A,Sensitivity/Response,"In the phase III randomized open-label CheckMate 8HW trial (NCT04008030; n = 303, 255 centrally confirmed MSI-H/dMMR metastatic colorectal cancer), nivolumab plus ipilimumab significantly improved progression-free survival versus investigator‚Äôs choice of chemotherapy (mFOLFOX6 or FOLFIRI with or without bevacizumab or cetuximab) as first-line treatment (24-month PFS 72%, 95% CI 64‚Äì79 vs 14%, 95% CI 6‚Äì25; p < 0.001). The restricted mean survival time at 24 months was 10.6 months longer (95% CI 8.4‚Äì12.9) with nivolumab plus ipilimumab, and grade 3‚Äì4 treatment-related adverse events occurred in 23% vs 48% of patients, respectively.",39602630,PubMed,,"Andre et al., 2024",NCT04008030,4,accepted,12561,Somatic,2025-10-20 22:21:48 UTC,https://civicdb.org/links/evidence_items/12561,https://civicdb.org/links/molecular_profiles/5118,False
MSI High,5118,Colorectal Cancer,9256.0,,Ipilimumab/Nivolumab Regimen,,Predictive,Supports,A,Sensitivity/Response,"In the phase III randomized open-label CheckMate 8HW trial (NCT04008030; n = 707 randomized; centrally confirmed MSI-H/dMMR: n = 296 nivolumab+ipilimumab vs 286 nivolumab) showed nivolumab plus ipilimumab significantly improved progression-free survival versus nivolumab monotherapy across all treatment lines (HR 0.62, 95% CI 0.48‚Äì0.81; p = 0.0003). Median PFS was not reached (95% CI 53.8-NE) with nivolumab plus ipilimumab and 39.3 months (22.1-NE) with nivolumab. Objective response rate was 71% (95% CI 65‚Äì76) vs 58% (95% CI 52‚Äì64; p = 0.0011), with complete responses in 30% and 28%, respectively. Grade ‚â•3 AEs occurred in 22% vs 14%, including diarrhea/colitis (3%), hypophysitis (3%), and adrenal insufficiency (3%), with three treatment-related deaths reported (2 myocarditis/pneumonitis in combination arm, 1 pneumonitis in monotherapy arm).",39874977,PubMed,,"Andr√© et al., 2025",NCT04008030,4,accepted,12562,Somatic,2025-10-20 21:30:44 UTC,https://civicdb.org/links/evidence_items/12562,https://civicdb.org/links/molecular_profiles/5118,False
ERBB2 L755P OR ERBB2 G776V OR ERBB2 G776delinsVC OR ERBB2 P780_Y781insGSP,5606,Lung Non-small Cell Carcinoma,3908.0,,Zongertinib,,Predictive,Supports,A,Sensitivity/Response,"In the multicohort phase 1b Beamion LUNG-1 trial (NCT04886804) of zongertinib in HER2-mutant NSCLC, three cohorts were evaluated by mutation type and prior therapy. In cohort 1 (n = 75; HER2-TKD mutations, no prior HER2-ADC), the confirmed ORR was 71% (95% CI 60-80; P < 0.001), with median duration of response 14.1 months (95% CI 6.9-NE) and mPFS 12.4 months (95% CI 8.2-NE). Responses occurred across subtypes, including A775_G776insYVMA 81% (95 % CI 68-90); P780_Y781insGSP 75% (95% CI 41-93); other mutations 42% (95% CI 23-64). AEs included diarrhea (56%) and rash (33%) with grade ‚â•3 drug-related adverse events occurring in 17% (Alanine aminotransferase 8%, Aspartate aminotransferase 5%), and no treatment-related interstitial lung disease was reported.",40293180,PubMed,,"Heymach et al., 2025",NCT04886804,4,accepted,12563,Somatic,2025-10-17 19:51:28 UTC,https://civicdb.org/links/evidence_items/12563,https://civicdb.org/links/molecular_profiles/5606,False
ERBB2 A775_G776insYVMA,4463,Lung Non-small Cell Carcinoma,3908.0,,Zongertinib,,Predictive,Supports,A,Sensitivity/Response,"In the multicohort phase 1b Beamion LUNG-1 trial (NCT04886804) of zongertinib in HER2-mutant NSCLC, three cohorts were evaluated by mutation type and prior therapy. In cohort 1 (n = 75; HER2-TKD mutations, no prior HER2-ADC), the confirmed ORR was 71% (95% CI 60-80; P < 0.001), with median duration of response 14.1 months (95% CI 6.9-NE) and mPFS 12.4 months (95% CI 8.2-NE). Responses occurred across subtypes, including A775_G776insYVMA 81% (95 % CI 68-90); P780_Y781insGSP 75% (95% CI 41-93); other mutations 42% (95% CI 23-64). AEs included diarrhea (56%) and rash (33%) with grade ‚â•3 drug-related adverse events occurring in 17% (Alanine aminotransferase 8%, Aspartate aminotransferase 5%), and no treatment-related interstitial lung disease was reported.",40293180,PubMed,,"Heymach et al., 2025",NCT04886804,4,accepted,12564,Somatic,2025-10-17 19:51:47 UTC,https://civicdb.org/links/evidence_items/12564,https://civicdb.org/links/molecular_profiles/4463,False
TMB High,5117,"Solid Tumors, Advanced",,,Immune Checkpoint Inhibitor,,Predictive,Supports,B,Sensitivity/Response,"This retrospective study examined the association between TMB and clinical response to immune checkpoint inhibitor (ICI) across multiple cancer types. 1,662 advanced cancer patients treated with at least one dose of ICI, including avelumab, durvalumab, ipilimumab, nivolumab, pembrolizumab or tremelimumab as monotherapy or in combination (146 received anti-CTLA-4, 1,256 received anti-PD-1 or PD-L1, and 260 received the combination), were included in the study. Tumour-derived and matched normal germline DNA were sequenced using the MSK-IMPACT targeted 468-cancer gene panel. TMB was calculated as the number of somatic nonsynonymous per megabase sequences. Using top 20% within each cancer type as the cutoff, a significant association of improved overall survival with higher TMB was observed in patients with bladder (n=214, p=0.040), colorectal (n=110, p= 0.031), head and neck (n=138, p=7.42 √ó 10e-3), and non-small cell lung cancer (NSCLC) (n=350, p= 2.30√ó 10e-4), and across the whole cohort (n=1,662, p= 1.59 √ó 10e-6). A similar trend was also observed in breast cancer (n=45), esophagogastric cancer (n=126), melanoma (n=321), renal cell carcinoma (n=151), and cancer of unknown primary (n=90), despite not reaching statistical significance. This association was also observed using different cut points ranging between top10-50% to define high TMB. Similarly, improved clinical benefit/ progression free survival were also associated higher TMB among patients with NSCLC, melanoma, esophagogastric, head and neck, and renal cell carcinoma. Notably, distinct from these cancer types, no association between higher TMB and improved patient survival was observed in glioma (n=117). A cohort of 5,371 advanced cancer patients who did not receive ICI were also included in this study. A lack of prognostic benefit of TMB status was observed both across the cancer types and within each histology, demonstrating the observed survival difference among patients with TMB high tumours was attributed to ICI treatment. The authors also noted that stratifying by TMB decile within histology was chosen in this study to demonstrate the relationship between TMB and patient prognosis, although this method may not be ideal for clinical use. Overall, this study demonstrated the clinical value of higher TMB in predicting superior overall survival in patients across multiple cancer types. However, the authors also noted that stratifying by TMB decile within histology was chosen in this study to demonstrate the relationship between TMB and patient prognosis, although this method may not be ideal for clinical use.",30643254,PubMed,,"Samstein et al., 2019",,4,accepted,12578,Somatic,2025-10-26 00:03:33 UTC,https://civicdb.org/links/evidence_items/12578,https://civicdb.org/links/molecular_profiles/5117,True
TMB High,5117,Lung Non-small Cell Carcinoma,3908.0,,"PD1 Inhibitor,PD-L1 Inhibitor",Substitutes,Predictive,Supports,B,Sensitivity/Response,"High Tumor Mutation Burden (TMB >19 mutations/Mb) represents a robust and platform-validated genomic biomarker predictive of clinical benefit from PD-1/PD-L1 immune checkpoint blockade in non‚Äìsmall cell lung cancer (NSCLC). This threshold was derived through regression tree modeling across multiple sequencing platforms (MSK-IMPACT, DFCI-OncoPanel, and whole-exome sequencing) and validated in three large, independent cohorts totaling 1,552 patients. Patients with high TMB demonstrated significantly improved objective response rate (49.1% vs 21.5%, p<0.001), progression-free survival (11.4 vs 2.8 months, p<0.001), and overall survival (36.1 vs 12.4 months, p<0.001) compared with those with low TMB, independent of PD-L1 expression levels. Molecular and immune profiling revealed that high-TMB NSCLCs exhibit enhanced CD8‚Å∫ and PD-1‚Å∫ T-cell infiltration, increased PD-L1 expression, and activation of antigen presentation pathways. The authors suggested that TMB >19 mut/Mb is a clinically actionable biomarker for identifying NSCLC patients most likely to respond to PD-1/PD-L1 inhibitors.",35708671,PubMed,,"Ricciuti et al., 2022",,4,accepted,12586,Somatic,2025-11-10 15:09:22 UTC,https://civicdb.org/links/evidence_items/12586,https://civicdb.org/links/molecular_profiles/5117,False
TMB High,5117,Lung Non-small Cell Carcinoma,3908.0,,Atezolizumab,,Predictive,Supports,B,Sensitivity/Response,"This retrospective study evaluated the clinical utility of blood tumour mutational burden (bTMB) as a predictive biomarker for atezolizumab efficacy in advanced non-small cell lung cancer (NSCLC) who had progressed from first-line therapy using samples collected prospectively from 2 randomized trials. The cfDNA assay used in this study utilised the same 1.1 Mb tissue FoundationOne hybridization capture panel (394 genes). The bTMB score was calculated by identifying all base substitutions present at an allele frequency of ‚â•0.5%, with predicted germline variants filtered out. Pre-treatment plasma bTMB demonstrated a positive correlation with the patient-paired tissue TMB (tTMB) (Spearman rank correlation = 0.64, n=259). Based on this correlation, an optimal cut-off point of ‚â• 16 mutations per megabase (with a minimum somatic allele frequency ‚â• 1%) was selected for subsequent clinical evaluation. Applying the cut off of bTMB ‚â• 16 mutations per megabase to the POPLAR study (NCT01903993) (n=211) demonstrated improved progression-free survival (PFS) and overall survival (OS) benefit with atezolizumab versus docetaxel. At this cut-off, the PFS hazard ratio (HR) was 0.57. The median PFS was 4.2 months in the atezolizumab arm and 2.9 months in the docetaxel arm; the median OS values were 13.0 and 7.4 months, respectively. The biomarker-treatment interaction for PFS at bTMB ‚â• 16 trended towards significance (interaction P = 0.055). The predictive value was independently validated in the larger OAK study (NCT02008227) (n=583). Patients bTMB ‚â•16 muts/Mb showed significant PFS benefit from atezolizumab (HR: 0.65, P=0.013), with the biomarker-treatment interaction for PFS being statistically significant (P=0.036). Although the OS benefit in this subgroup was substantial (median 13.5 versus 6.8 months, HR: 0.64), the treatment interaction for overall survival was not significant. The findings support bTMB ‚â•16 mutations per megabase as a non-invasive biomarker for predicting enhanced PFS benefit from atezolizumab in advanced NSCLC patients who have progressed on first-line therapy.",30082870,PubMed,,"Gandara et al., 2018",,4,accepted,12587,Somatic,2025-11-06 15:13:44 UTC,https://civicdb.org/links/evidence_items/12587,https://civicdb.org/links/molecular_profiles/5117,False
TMB High,5117,Solid Tumor,,,Pembrolizumab,,Predictive,Supports,B,Sensitivity/Response,"This study analyzed over 300 patient with advanced solid tumors and melanoma across 22 tumor types from four KEYNOTE clinical trials to define genomic and immune predictors of response to pembrolizumab (anti‚ÄìPD-1 immunotherapy). Using whole-exome sequencing and NanoString gene profiling, they evaluated tumor mutational burden (TMB) and the T cell‚Äìinflamed gene expression profile (GEP) in formalin-fixed paraffin-embedded pretreatment samples. TMB cut-off values for the pan-tumor and single-indication clinical cohorts were the Youden Index values derived in AUROC analysis (102.5 for pan-cancer, 86 for HNSCC, and 191.5 for melanoma group). TMB and GEP profiles were also analyzed within The Cancer Genome Atlas (TCGA) database of 6384 tumors and the WES cut-off >100 mutations per exome was chosen for high TMB to match the Youden TBM pan-cancer cut-offs. TMB and GEP were independently predictive of clinical response and progression-free survival in KEYNOTE cohorts, and together they stratified patients into four biologically distinct subgroups: those with high TMB/high GEP had the highest objective response rates (37‚Äì57%), and the longest progression-free survival, whereas those with low TMB/high GEP or high TMB/low GEP showed moderate response rate (12-35% and 11-42%, respectively), and patients with low TMB/low GEP tumors rarely responded (0‚Äì9%). The two markers were only weakly correlated (Spearman correlation coefficient at r ~ 0.2), indicating that TMB and GEP are independent predictive markers, with TMB capturing neoantigen load, while GEP reflecting T-cell activation within the tumor microenvironment. Integrative analyses of TCGA data confirmed these findings and revealed resistance-associated alterations such as mutation in STK11, KEAP1, and APC in high TMB and low GEP lung and colorectal cancers, but not in the pan-cancer analysis. In addition, TMB highly correlated with neoantigen load in pan-cancer cohort (r=0.87), HNSCC (r=0.83), and melanoma cohort (r=0.9). Overall, the study established TMB and GEP as complementary, tumor-agnostic predictors of benefit from PD-1 blockade and provided a framework for precision immunotherapy and biomarker-guided combination strategies.",30309915,PubMed,,"Cristescu et al., 2018",,4,accepted,12594,Somatic,2025-11-17 14:50:03 UTC,https://civicdb.org/links/evidence_items/12594,https://civicdb.org/links/molecular_profiles/5117,False
TMB High,5117,Lung Adenocarcinoma,3910.0,Lung adenocarcinoma,Ipilimumab/Nivolumab Regimen,,Predictive,Supports,B,Sensitivity/Response,"This part of the open-label multipart phase 3 trial, CheckMate 277 (Trial ID: 29658845), examined the performance of nivolumab plus ipilimumab compared to chemotherapy among non-small-cell lung cancer (NSCLC) patients with a high tumour mutational burden (TMB) (>= 10 mutations/ megabase). Stage IV/ recurrent NSCLC patients that were chemotherapy treatment na√Øve were recruited. Patients with tumour programmed death ligand 1 (PD-L1) expression of at least 1% were randomly assigned to receive nivolumab plus ipilimumab, nivolumab monotherapy, or chemotherapy; while those with tumour PD-L1 expression of < 1% were randomly assigned to be treated with nivolumab plus ipilimumab, nivolumab plus chemotherapy, or chemotherapy. Tissue TMB was determined by the FoundationOne CDx assay. Patients with high TMB achieved significantly longer progression-free survival (PFS) with nivolumab plus ipilimumab (n = 139) (1-year PFS of 42%, median PFS of 7.2 months with 95% confidence interval [CI], 5.5 to 13.2), compared to chemotherapy alone (n = 160) (1-year PFS of 13.2%, median PFS of 5.5 months with 95% CI, 4.4 to 5.8) (hazard ratio [HR] 0.58; 97.5% CI, 0.41 to 0.81; P<0.001). 45.3% of patients achieved objective response with nivolumab plus ipilimumab, compared to 26.9% with chemotherapy. The benefit of nivolumab plus ipilimumab over chemotherapy was consistent across histologic subtypes and despite whether the tumour PD-L1 expression was at least 1% or lower than 1%. On the contrary, among the patients with low TMB, the clinical benefit was not significantly different between patients treated with nivolumab plus ipilimumab (n= 191) (median PFS of 3.2 months with 95% CI, 2.7 to 4.3) and those treated with chemotherapy (n=189) (median PFS of 5.5 months with 95% CI, 4.3 to 5.6) (HR 1.07; 95% CI, 0.84 to 1.35). In conclusion, this study demonstrated significant clinical benefit of first-line nivolumab plus ipilimumab over chemotherapy among NSCLC patients with a high TMB, irrespective of the expression level of tumour PD-L1.",29658845,PubMed,,"Hellmann et al., 2018",NCT02477826,4,accepted,12614,Somatic,2025-11-23 01:03:22 UTC,https://civicdb.org/links/evidence_items/12614,https://civicdb.org/links/molecular_profiles/5117,False
